BIL,NAMA_KURSUS,TARIKH_MULA,TARIKH_AKHIR,ANJURAN,TEMPAT,JENIS_TERAS,TERAS_LATIHAN,DOMAINS,KAEDAH_LATIHAN
1,"PROGRAM BICARA ILMU : ""PUASA SI PENGHUNI AR-RAYYAN""",2021-04-01,2021-04-01,81dfb067-fe17-436f-994c-ee6e73d968c8,"AUDITORIUM A, KOMTAR",GN,1d124872-fd61-4990-98f9-3a0e48003097,0964adc3-2538-49f1-94dc-53aa434b8aa8,BS
2,PEMANTAPAN DAN MAJLIS PENYERAHAN WATIKAH PELANTIKAN PEGAWAI FOCAL POINT DASAR KETERANGKUMAN GENDER (DKG) NEGERI PULAU PINANG,2021-04-01,2021-04-01,fbacc70d-c786-4df7-b71c-d3b826fcaa2c,COURTYARD BY MARRIOT PENANG,GN,216b7542-ffcc-4125-842d-7f40d5d7e3f5,0964adc3-2538-49f1-94dc-53aa434b8aa8,BS
3,"PENANG LESTARI, APADIA TU?",2021-04-01,2021-04-01,833fea23-b366-4189-b72c-29b2173f3405,ZOOM,GN,4243a7ab-99bd-472b-a76d-1bbd45eb06d8,0964adc3-2538-49f1-94dc-53aa434b8aa8,TB
4,PEMANTAPAN ISO 9001:2015 SISTEM PENGURUSAN KUALITI (QMS) ,2021-04-02,2021-04-02,7466eef1-51ea-4860-9813-b22cf45e2a4e,"AUDITORIUM C, KOMTAR",GN,ac803436-f75e-49cc-a7af-9dd49e6b8486,2f540625-6835-4afc-8938-903a85b34155,BS
5,PELAN INDUK BATU KAWAN,2021-04-03,2021-04-03,bfc98ed4-fb74-49e1-9bbb-ef6936cf697b,OLIVE TREE HOTEL PENANG,FN,4243a7ab-99bd-472b-a76d-1bbd45eb06d8,2f540625-6835-4afc-8938-903a85b34155,BS
6,BENGKEL SIASATAN DALAMAN,2021-04-05,2021-04-07,833fea23-b366-4189-b72c-29b2173f3405,"ICONIC HOTEL, BUKIT MERTAJAM",FN,0f54455b-c897-40cb-bb67-ff1769466226,2f540625-6835-4afc-8938-903a85b34155,BS
7,BENGKEL DRAF RANCANGAN TEMPATAN PULAU PINANG,2021-04-05,2021-04-05,7466eef1-51ea-4860-9813-b22cf45e2a4e,PUSAT LATIHAN MBPP LEBUH PANTAI,FN,0f54455b-c897-40cb-bb67-ff1769466226,0f08f1f3-c9a4-4d00-b748-43e4e53fd58d,BS
8,KURSUS PENGECAMAN DAN PENGAWETAN LARVA NYAMUK AEDES,2021-04-06,2021-04-07,4000f21d-8c9b-43f3-a835-b3bca28621a1,"BILIK MESYUARAT , KLINIK KESIHATAN BUKIT MINYAK",FN,f999f1a9-28c8-4906-9022-42f514e98a58,0f08f1f3-c9a4-4d00-b748-43e4e53fd58d,BS
9,WEBINAR INTAN EXECUTIVE LECTURE SERIES : MEMERANGI PENDEMIK COVID-19 : PERSPEKTIF WIRA NEGARA,2021-04-06,2021-04-06,2d904241-fba1-4fea-b511-9b325e566905,FACEBOOK LIVE,FN,f999f1a9-28c8-4906-9022-42f514e98a58,0964adc3-2538-49f1-94dc-53aa434b8aa8,TB
10,"FOCUS GROUP DISCUSSION : CADANGAN PEMBANGUNAN BERCAMPUR DI ATAS TEBUS GUNA TANAH SELATAN (PENANG SOUTH RECLAMATION) DAN BAYAN LEPAS LIGHT RAIL TRANSIT (LRT) PROJECT SEGMENT 5,  PULAU PINANG",2021-04-07,2021-04-07,921ed32e-6dd6-4ca1-b476-f35a8991dd34,OLIVE TREE HOTEL PENANG,FN,4624d854-ce8d-46a7-9cc7-4721cfadc45e,ec9bb07b-2c02-43a3-9a2b-f0648130ff13,BS
11,AKRAB CARE (EXIT POLICY),2021-04-07,2021-04-07,833fea23-b366-4189-b72c-29b2173f3405,HOTEL RAIA. PULAU PINANG,GN,6dde3724-7416-45f0-8fc8-e1c0cb92aef6,2f540625-6835-4afc-8938-903a85b34155,BS
12,URUS WANG MINDA TENANG,2021-04-08,2021-04-08,7466eef1-51ea-4860-9813-b22cf45e2a4e,WEBINAR,FN,57fee8fb-6ddc-4e50-b41e-8a04c45ce1aa,22f3a100-5842-448b-93f2-df7fb7fdcc2e,TB
13,"RESET DIRI, ACCEPT REALITI",2021-04-08,2021-04-08,24cc5989-9ea7-4a34-b299-55c050506114,PUSAT KELUARGA LPPKN BERTAM,GN,1d124872-fd61-4990-98f9-3a0e48003097,22f3a100-5842-448b-93f2-df7fb7fdcc2e,BS
14,BENGKEL ISO 37001:2016 ANTI- BRIBERI MANAGEMENT SYSTEMS (ABMS) TAHUN 2021,2021-04-08,2021-04-09,833fea23-b366-4189-b72c-29b2173f3405,"THE LIGHT HOTEL, SEBERANG JAYA, PULAU PINANG",GN,0543e995-7f94-45c4-a1a3-9712aa7dbabb,2f540625-6835-4afc-8938-903a85b34155,BS
15,BICARA INTERGRITI ,2021-04-08,2021-04-08,833fea23-b366-4189-b72c-29b2173f3405,"THE LIGHT HOTEL, SEBERANG JAYA, PULAU PINANG",GN,0543e995-7f94-45c4-a1a3-9712aa7dbabb,2f540625-6835-4afc-8938-903a85b34155,BS
16,SEMINAR LAMPU JALAN,2021-04-08,2021-04-08,b15eac85-8a9d-4e7e-8ae9-03c40401c274,HOTEL JEN PENANG (CHA ROOM LEVEL 2),FN,4624d854-ce8d-46a7-9cc7-4721cfadc45e,0f08f1f3-c9a4-4d00-b748-43e4e53fd58d,BS
17,KURSUS KAD HIJAU CIBD,2021-04-09,2021-04-09,7466eef1-51ea-4860-9813-b22cf45e2a4e,"AUDITORIUM A, KOMTAR",FN,d2addd1d-4b15-4115-9ec3-9468b26721d6,2f540625-6835-4afc-8938-903a85b34155,BS
18,BENGKEL PENCERAHAN DAN LATIHAN PENGGUNAAN ALAT 'HAND HELD' BAGI PENGELUARAN PEMBERITAHUAN TENTANG KESALAHAN.,2021-04-09,2021-04-09,7466eef1-51ea-4860-9813-b22cf45e2a4e,"DEWAN SERBAGUNA TINGKAT 1 DEWAN BANDARAYA, JALAN PADANG KOTA, PULAU PINANG",GN,7ce970e0-e82a-4889-b6f4-87313161bb03,0964adc3-2538-49f1-94dc-53aa434b8aa8,BS
18,BENGKEL PENYEDIAAN GARIS PANDUAN TAPAK PEMPROSESAN SISA-SISA BAHAN BINAAN BAGI TUJUAN KITAR SEMULA,2021-04-09,2021-04-09,7466eef1-51ea-4860-9813-b22cf45e2a4e,"HOTEL IXORA, PERAI, PULAU PINANG",FN,fd5c820c-c63f-4276-8d74-9c5555a73a69,0f08f1f3-c9a4-4d00-b748-43e4e53fd58d,BS
19,SEMINAR ASAS PENGIRING DAN PEMANDUAN VIP,2021-04-11,2021-04-11,15cd170f-bded-41b4-a2a1-50d95d6c5f60,DEWAN SEMINAR ICONIC HOTEL ARAS 7,FN,b6df89a3-6ab2-4e15-b7a3-f51120f38a27,ec9bb07b-2c02-43a3-9a2b-f0648130ff13,BS
20,BENGKEL SUAI MESRA AKRAB TAHUN 2021 PENTADBIRAN SETIAUSAHA KERAJAAN NEGARI PULAU PINANG,2021-04-12,2021-04-12,833fea23-b366-4189-b72c-29b2173f3405,"HOTEL SERI MALAYSIA KEPALA BATAS, PULAU PINANG",GN,216b7542-ffcc-4125-842d-7f40d5d7e3f5,0964adc3-2538-49f1-94dc-53aa434b8aa8,BS
21,5 ISU KRITIKAL SUMBER MANUSIA (HRD&HRM) DALAM ERA NORMA BAHARU,2021-04-12,2021-04-12,38526d4c-f6f9-4265-817b-9cfc82eb2c1f,WEBINAR,FN,f0bc355f-c2bd-4dfc-889d-cb3abe08173e,2f540625-6835-4afc-8938-903a85b34155,TB
22,BENGKEL PENGURUSAN PERUBAHAN UNTUK CHAMPIONS AND CHANGE AGENTS MAJLIS BANDARAYA PULAU PINANG BAGI PENANG SMART PARKING,2021-04-12,2021-04-12,b97b3bbb-5710-426d-aff9-114a565affd9,"HOTEL JEN , PENANG",FN,0f54455b-c897-40cb-bb67-ff1769466226,ec9bb07b-2c02-43a3-9a2b-f0648130ff13,BS
23,ICLEI WORLD CONGRESS 2021-2022 : VIRTUAL LAUNCH,2021-04-13,2021-04-15,bcf999c8-7a88-4516-bd22-d1d850b177d1,ZOOM,GN,2481ba73-4476-434c-a3c3-5a911fb1fa2e,2f540625-6835-4afc-8938-903a85b34155,TB
24,TAKLIMAT MENGENAI GERAN PEMANGKIN BANDAR RENDAH KARBON (GeRAK),2021-04-15,2021-04-15,9e2b77b3-5242-4a6f-af47-82827fcb573c,ZOOM,FN,fd5c820c-c63f-4276-8d74-9c5555a73a69,0f08f1f3-c9a4-4d00-b748-43e4e53fd58d,TB
25,"LEBARAN DIRAI, SOP DIPATUHI",2021-04-16,2021-04-16,7466eef1-51ea-4860-9813-b22cf45e2a4e,ZOOM,GN,7ce970e0-e82a-4889-b6f4-87313161bb03,0964adc3-2538-49f1-94dc-53aa434b8aa8,TB
26,KURSUS PELAKSANAAN REKABENTUK SEJAGAT BERDASARKAN MS1184 DI PEMBANGUNAN SEDIA ADA SIRI 1/2021,2021-04-19,2021-04-19,1ffab750-f12a-439e-b9d1-cb1e84a1c188,WEBINAR,FN,4624d854-ce8d-46a7-9cc7-4721cfadc45e,2f540625-6835-4afc-8938-903a85b34155,TB
27,"KEJIRANAN HIJAU WEBINAR : ""SEDEKAD MELESTARI KEHIDUPAN""",2021-04-19,2021-04-19,e08ec7d9-7b55-4440-8088-2f4010ae5645,WEBEX,FN,fd5c820c-c63f-4276-8d74-9c5555a73a69,0f08f1f3-c9a4-4d00-b748-43e4e53fd58d,TB
28,SESI EXECUTIVE TALK : GREEN FUND INITIATIVE,2021-04-20,2021-04-20,bc6c2bdf-d056-492d-b58c-a0be8b81f0f0,WEBEX,FN,fd5c820c-c63f-4276-8d74-9c5555a73a69,0f08f1f3-c9a4-4d00-b748-43e4e53fd58d,TB
29,BENGKEL PENGURUSAN CERUN DI KAWASAN PIHAK BERKUASA TEMPATAN DAN LESSON LEARNED,2021-04-20,2021-04-21,PERUNDING KEJURUTERAAN AWAM,GOOGLE MEET,FN,4624d854-ce8d-46a7-9cc7-4721cfadc45e,2f540625-6835-4afc-8938-903a85b34155,TB
30,REVIEW OF CASES AFFECTING THE CONSTRUCTION INDUSTRY,2021-04-24,2021-04-24,1d57251c-6d10-4231-97f5-7e0417eca539,"BAYVIEW GEORGETOWN, 25 A, LEBUH FARQUHAR",FN,4624d854-ce8d-46a7-9cc7-4721cfadc45e,2f540625-6835-4afc-8938-903a85b34155,BS
31,REFLEKSI RAMADAN KURSUS PEMBANGUNAN INSANIAH,2021-04-21,2021-04-21,833fea23-b366-4189-b72c-29b2173f3405,ZOOM,GN,1d124872-fd61-4990-98f9-3a0e48003097,0964adc3-2538-49f1-94dc-53aa434b8aa8,TB
32,"APRESIASI WARISAN: KONSERVASI BNAGUNAN WARISAN KATEGORI 1 , DEWAN BANDARAYA PULAU PINANG",2021-04-27,2021-04-27,7466eef1-51ea-4860-9813-b22cf45e2a4e,WEBINAR,FN,0f54455b-c897-40cb-bb67-ff1769466226,2f540625-6835-4afc-8938-903a85b34155,TB
33,LANDSKAP RAMADHAN: TANGGUNGJAWAB DAN IBADAH KEMANISAN IMAN,2021-04-27,2021-04-27,7466eef1-51ea-4860-9813-b22cf45e2a4e,WEBINAR,GN,1d124872-fd61-4990-98f9-3a0e48003097,0964adc3-2538-49f1-94dc-53aa434b8aa8,TB
34,WEBINAR BANDAR RENDAH KARBON: KELESTARIAN ALAM SEKITAR TANGGUNGJAWAB BERSAMA,2021-04-27,2021-04-27,9e2b77b3-5242-4a6f-af47-82827fcb573c,WEBINAR,FN,fd5c820c-c63f-4276-8d74-9c5555a73a69,0964adc3-2538-49f1-94dc-53aa434b8aa8,TB
35,BENGKEL MEMUDAHCARA URUSAN PERMOHONAN PERMIT PEMBINAAN DI PULAU PINANG SIRI 2/2021,2021-04-27,2021-04-27,833fea23-b366-4189-b72c-29b2173f3405,"HOTEL ICONIC , JALAN ICON CITY, ICON BUKIT MERTAJAM 10400 PULAU PINANG",GN,6dde3724-7416-45f0-8fc8-e1c0cb92aef6,0964adc3-2538-49f1-94dc-53aa434b8aa8,BS
36,"PROGRAM IHYA RAMADHAN ""GOLONGAN YANG RUGI DI BULAN RAMADHAN",2021-04-28,2021-04-28,833fea23-b366-4189-b72c-29b2173f3405,WEBINAR,GN,1d124872-fd61-4990-98f9-3a0e48003097,0964adc3-2538-49f1-94dc-53aa434b8aa8,TB
37,"TERAPI MINDA : "" MINDA SIHAT, JIWA TENANG, PRESTASI CEMERLANG"" SIRI 2/2021",2021-04-28,2021-04-28,ae00c0a7-99b0-46cc-8426-73b9d3354f56,PUSAT KELUARGA LPPKN BERTAM,GN,1d124872-fd61-4990-98f9-3a0e48003097,0964adc3-2538-49f1-94dc-53aa434b8aa8,BS
,BENGKEL PEMURNIAN MYPORTFOLIO ; PANDUAN KERJA SEKTOR AWAM UNTUK KAKITANGAN MBPP,2021-05-04,2021-05-04,7466eef1-51ea-4860-9813-b22cf45e2a4e,ZOOM,FN,d2addd1d-4b15-4115-9ec3-9468b26721d6,2f540625-6835-4afc-8938-903a85b34155,TB
110,RSOG 5/2021 : POLICYMAKING IN A TIME OF BLACK SWANS,2021-05-04,2021-05-04,b3c52fb6-74e1-4cae-abdc-901b2a65e781,ZOOM,FN,f80efc1e-da7c-445b-b371-44ed76151f43,2f540625-6835-4afc-8938-903a85b34155,TB
143,SEMINAR PEMATUHAN  SENARAI SEMAK AUDIT AKSESIBILITI BERDASARKAN REKABENTUK SEJAGAT BAGI PEMAJUAN DI NEGERI PULAU PINANG,2021-05-04,2021-05-04,833fea23-b366-4189-b72c-29b2173f3405,"E&O HOTEL, PENANG",GN,0543e995-7f94-45c4-a1a3-9712aa7dbabb,2f540625-6835-4afc-8938-903a85b34155,BS
150,KURSUS KAD HIJAU CIDB SIRI 1,2021-05-04,2021-05-04,7466eef1-51ea-4860-9813-b22cf45e2a4e,"AUDITORIUM A , TINGKAT 5 KOMTAR",GN,6dde3724-7416-45f0-8fc8-e1c0cb92aef6,2f540625-6835-4afc-8938-903a85b34155,BS
175,TAZKIRAH RAMADHAN : PUASA DAN INTEGRITI,2021-05-05,2021-05-05,7466eef1-51ea-4860-9813-b22cf45e2a4e,ZOOM,GN,1d124872-fd61-4990-98f9-3a0e48003097,0964adc3-2538-49f1-94dc-53aa434b8aa8,TB
218,WORLD #QURANHOUR,2021-05-06,2021-05-06,c8a0a2a2-64af-453c-b6c5-20500f63670d,ZOOM,GN,1d124872-fd61-4990-98f9-3a0e48003097,0964adc3-2538-49f1-94dc-53aa434b8aa8,TB
251,BENGKEL LIBAT URUS BERSAMA PEMEGANG TARUH UNTUK MENGEMASKINI ADAPTASI DALAM NATIONALLY DETERMINED CONTRIBUTION (NDC) UPDATE,2021-05-06,2021-05-06,9e2b77b3-5242-4a6f-af47-82827fcb573c,ZOOM,FN,0f54455b-c897-40cb-bb67-ff1769466226,2f540625-6835-4afc-8938-903a85b34155,TB
255,STORMWATER MANAGEMENT : A LANDSCAPE PROJECT MANAGEMENT APPROACH,2021-05-07,2021-05-07,7f42a034-f170-44ae-b666-52143d9fc70e,ZOOM,FN,4624d854-ce8d-46a7-9cc7-4721cfadc45e,0f08f1f3-c9a4-4d00-b748-43e4e53fd58d,TB
260,MBPP NIGHT SHELTER - TOWARDS TRIPLE NET - ZERO,2021-05-08,2021-05-08,1d57251c-6d10-4231-97f5-7e0417eca539,"BAYVIEW GEORGETOWN, 25 A, LEBUH FARQUHAR",FN,ead68422-4e58-435c-89e4-de8735341dd9,0f08f1f3-c9a4-4d00-b748-43e4e53fd58d,BS
262, SESI EXECUTIVE TALK : ETIKA SIBER MALAYSIA,2021-05-18,2021-05-18,bc6c2bdf-d056-492d-b58c-a0be8b81f0f0,WEBEX,FN,d1e33e1b-8fe9-4a6a-912f-e67ee8a2a1be,2f540625-6835-4afc-8938-903a85b34155,TB
297,LATIHAN ACTIVE LEARNING SERIES-ENHANCING QUALITY DECISION THRU CRITICAL THINKING,2021-05-20,2021-05-20,1cd4f21e-f1c3-405a-a9a5-36d11b1fd6c4,ZOOM,GN,83c36b75-c03e-418d-a410-71d146006b8e,0964adc3-2538-49f1-94dc-53aa434b8aa8,TB
304,TAKLIMAT TAKAFUL PENGHOSPITALAN DAN PEMBEDAHAN CUEPACSCARE & PROGRAM TAKAFUL KEMALANGAN DIRI PA- KHAS UNTUK PENJAWAT AWAM,2021-05-20,2021-05-20,7466eef1-51ea-4860-9813-b22cf45e2a4e,ZOOM,GN,7ce970e0-e82a-4889-b6f4-87313161bb03,0964adc3-2538-49f1-94dc-53aa434b8aa8,TB
422,KURSUS PENGENDALIAN BUKU REKOD PERKHIDMATAN,2021-05-21,2021-05-21,3d1014b5-d3fb-4369-bec9-bdf4d16c1a89,ZOOM,GN,6dde3724-7416-45f0-8fc8-e1c0cb92aef6,2f540625-6835-4afc-8938-903a85b34155,TB
459,"KURSUS PENULISAN DOKUMEN RASMI KERAJAAN (MINIT MESYUARAT, KERTAS KERJA, LAPORAN)",2021-05-24,2021-05-24,2d904241-fba1-4fea-b511-9b325e566905,WEBINAR,FN,d2addd1d-4b15-4115-9ec3-9468b26721d6,2f540625-6835-4afc-8938-903a85b34155,TB
460,BENGKEL PENYEDIAAN LAPORAN TRAFFIC IMPACT ASSESSMENT (TIA) CHECKLIST & GUIDELINES FOR LOCAL COUNCILS,2021-05-24,2021-05-24,af5ccaa2-60aa-467f-8657-ecff9bef49bc,WEBINAR,GN,ac803436-f75e-49cc-a7af-9dd49e6b8486,2f540625-6835-4afc-8938-903a85b34155,TB
480,"[POST- COVID19 ECONOMIC DEVELOPMENT SERIES 1] ACCELERATING DIGITAL TRANFORMATION, SHAPING POLICIES, BOOSTING SHARED PROSPERITY",2021-05-26,2021-05-28,UNITED NATIONS INSTITUTE FOR TRAINING AND RESEARCH (UNITAR),WEBINAR,FN,f80efc1e-da7c-445b-b371-44ed76151f43,2f540625-6835-4afc-8938-903a85b34155,TB
483,EXECUTIVE TALK : PEGAWAI BERKUATKUASAAN BUKAN UNTUK DIGERUNI,2021-05-27,2021-05-27,bc6c2bdf-d056-492d-b58c-a0be8b81f0f0,WEBEX,GN,83c36b75-c03e-418d-a410-71d146006b8e,0964adc3-2538-49f1-94dc-53aa434b8aa8,TB
496,PERC- MNCC & GLENEAGLES HOSPITAL COMLIMENTARY TALK ON STRESS MANAGEMENT & WORKOUT SESSION,2021-05-29,2021-05-29,689e3d22-7494-4c81-96f4-afce1ddaf911,WEBINAR,GN,aaf2682c-20a1-4c71-9034-20d40d70a369,0964adc3-2538-49f1-94dc-53aa434b8aa8,TB
,Kursus Pengurusan Fail dan Rekod Efektif,2021-06-02,2021-06-09,7466eef1-51ea-4860-9813-b22cf45e2a4e,,FN,d2addd1d-4b15-4115-9ec3-9468b26721d6,2f540625-6835-4afc-8938-903a85b34155,TB
1,COVID-19 : SEMBANG BERSAMA PESAKIT DAN KELUARGA,2021-06-04,2021-06-04,a513589c-6cb0-45a4-9486-5712a289c590,WEBINAR,GN,aaf2682c-20a1-4c71-9034-20d40d70a369,0964adc3-2538-49f1-94dc-53aa434b8aa8,TB
6,"MOTIVASI MEMPERKASA DIRI, MINDA-BEKERJA DALAM SITUASI PANDEMIK",2021-06-04,2021-06-04,edd171ab-57b7-44b6-a29f-38d108dea04f,WEBINAR,GN,1d124872-fd61-4990-98f9-3a0e48003097,0964adc3-2538-49f1-94dc-53aa434b8aa8,TB
26,COVID-19 : SEMBANG BERSAMA SEKTOR KESIHATAN,2021-06-05,2021-06-05,a513589c-6cb0-45a4-9486-5712a289c590,WEBINAR,GN,aaf2682c-20a1-4c71-9034-20d40d70a369,0964adc3-2538-49f1-94dc-53aa434b8aa8,TB
35,WEGO E-GOVERMENT THEMATIC GROUP. - (L) - GOVERNANCE,2021-06-07,2021-06-07,WEGO,WEBINAR,GN,2481ba73-4476-434c-a3c3-5a911fb1fa2e,2f540625-6835-4afc-8938-903a85b34155,TB
45,RESILIENT LEADERSHIP : FOSTERING ORGANIZATIONAL EXCELENCE,2021-06-08,2021-06-08,b3c52fb6-74e1-4cae-abdc-901b2a65e781,WEBINAR,GN,83c36b75-c03e-418d-a410-71d146006b8e,2f540625-6835-4afc-8938-903a85b34155,TB
56,PENGENALAN PEROLEHAN PERKHIDMATAN PERUNDING DAN TATCARA DAN KAEDAH PEROLEHAN PERKHIDMATAN PERUNDING,2021-06-08,2021-06-08,LEMBAGA ARKITEK MALAYSIA (LAM),WEBINAR,FN,0f54455b-c897-40cb-bb67-ff1769466226,2f540625-6835-4afc-8938-903a85b34155,TB
58,GOOGLE WORKSPACE BERSAMA AWANTEC (Prestariang) - (T) - GOVERNANCE,2021-06-09,2021-06-09,a849e235-7907-4a57-aba0-517ae9327129,WEBINAR,FN,d1e33e1b-8fe9-4a6a-912f-e67ee8a2a1be,2f540625-6835-4afc-8938-903a85b34155,TB
62,KURSUS KESELAMATAN SIBER BILL2/2021,2021-06-10,2021-06-10,7466eef1-51ea-4860-9813-b22cf45e2a4e,,GN,4243a7ab-99bd-472b-a76d-1bbd45eb06d8,0964adc3-2538-49f1-94dc-53aa434b8aa8,TB
63,CYBERSECURITY EVOLTED,2021-06-10,2021-06-10,f3bc59a4-5e6a-4610-964b-726ea41fa51a,WEBINAR,GN,4243a7ab-99bd-472b-a76d-1bbd45eb06d8,0964adc3-2538-49f1-94dc-53aa434b8aa8,TB
65,KURSUS ETIKET & PROTOKOL MAJLIS RASMI KERAJAAN,2021-06-12,2021-06-12,edd171ab-57b7-44b6-a29f-38d108dea04f,WEBINAR,GN,216b7542-ffcc-4125-842d-7f40d5d7e3f5,0964adc3-2538-49f1-94dc-53aa434b8aa8,TB
66,INFOGRAFICS CREATION IN ADOBE ILLUSTRATOR,2021-06-13,2021-06-13,aeebc53b-1778-456a-9176-4f1945c4fec7,WEBINAR,GN,4243a7ab-99bd-472b-a76d-1bbd45eb06d8,0964adc3-2538-49f1-94dc-53aa434b8aa8,TB
90,TRANSBOUNDARY PILOT PROJECT DESIGN WORKSHOP FOR THE IMT-GT THROUGH THE URBAN-ACT PROJECT,2021-06-14,2021-06-15,312022a7-c77e-45cc-940d-98e942e0fe33,WEBINAR,FN,0f54455b-c897-40cb-bb67-ff1769466226,2f540625-6835-4afc-8938-903a85b34155,TB
91,TM ONE WEBINAR -  BUILDING DIGITAL TRUST AND CYBERSECURITY RESILIENCE,2021-06-14,2021-06-14,d722826b-7d3f-442b-b29a-700e9b7661e5,WEBINAR,FN,216b7542-ffcc-4125-842d-7f40d5d7e3f5,0964adc3-2538-49f1-94dc-53aa434b8aa8,TB
92,"KURSUS PROTOKOL , ETIKA DAN PENGURUSAN MAJLIS",2021-06-15,2021-06-15,7466eef1-51ea-4860-9813-b22cf45e2a4e,,GN,216b7542-ffcc-4125-842d-7f40d5d7e3f5,0964adc3-2538-49f1-94dc-53aa434b8aa8,TB
93,TRANSBOUNDARY CLIMATE CHANGE ACTION - DESIGN WORKSHOP DAY 1,2021-06-14,2021-06-14,7466eef1-51ea-4860-9813-b22cf45e2a4e,,GN,4243a7ab-99bd-472b-a76d-1bbd45eb06d8,0964adc3-2538-49f1-94dc-53aa434b8aa8,TB
94,TRANSBOUNDARY CLIMATE CHANGE ACTION - DESIGN WORKSHOP DAY 2,2021-06-15,2021-06-15,7466eef1-51ea-4860-9813-b22cf45e2a4e,,GN,4243a7ab-99bd-472b-a76d-1bbd45eb06d8,0964adc3-2538-49f1-94dc-53aa434b8aa8,TB
95,KURSUS PENGURUSAN PELANGGAN,2021-06-15,2021-06-15,7466eef1-51ea-4860-9813-b22cf45e2a4e,,GN,6dde3724-7416-45f0-8fc8-e1c0cb92aef6,0964adc3-2538-49f1-94dc-53aa434b8aa8,TB
101,"KURSUS PROTOKOL , ETIKA DAN PENGURUSAN MAJLIS",2021-06-16,2021-06-16,7466eef1-51ea-4860-9813-b22cf45e2a4e,,GN,216b7542-ffcc-4125-842d-7f40d5d7e3f5,0964adc3-2538-49f1-94dc-53aa434b8aa8,TB
102,POST PANDEMIC URBAN RECOVERY- SMART HEALTH SOLUTION - ASIAN PERSPECTIVE,2021-06-16,2021-06-16,7466eef1-51ea-4860-9813-b22cf45e2a4e,,GN,aaf2682c-20a1-4c71-9034-20d40d70a369,0964adc3-2538-49f1-94dc-53aa434b8aa8,TB
103,DRIVING ENGAGEMENT & PRODUCTIVITY WHEN TEAMS GO REMOTE- INSIGHTS FROM THE WORLD OF WORK PSYCHOLOGY,2021-06-16,2021-06-16,1cd4f21e-f1c3-405a-a9a5-36d11b1fd6c4,WEBINAR,GN,1d124872-fd61-4990-98f9-3a0e48003097,0964adc3-2538-49f1-94dc-53aa434b8aa8,TB
109,TECHNICAL CODES PROGRAMME 2021,2021-06-16,2021-06-17,b15d02fd-1bea-4d1a-8204-ef647c5d915f,WEBINAR,FN,d1e33e1b-8fe9-4a6a-912f-e67ee8a2a1be,0964adc3-2538-49f1-94dc-53aa434b8aa8,TB
110,"KURSUS PROTOKOL , ETIKA DAN PENGURUSAN MAJLIS",2021-06-17,2021-06-17,7466eef1-51ea-4860-9813-b22cf45e2a4e,,GN,216b7542-ffcc-4125-842d-7f40d5d7e3f5,0964adc3-2538-49f1-94dc-53aa434b8aa8,TB
111,TAKLIMAT PELAKSANAAN IMUNISASI COVID-19,2021-06-17,2021-06-17,7466eef1-51ea-4860-9813-b22cf45e2a4e,WEBINAR,GN,aaf2682c-20a1-4c71-9034-20d40d70a369,0964adc3-2538-49f1-94dc-53aa434b8aa8,TB
165,THE FUTURE OF WORKS: THE DIGITAL WORKPLACE : RETHINK TODAY TO REDEFINE TOMORROW,2021-06-17,2021-06-17,6576ff71-8e82-46b9-a144-acbf94940f7a,WEBINAR,GN,4243a7ab-99bd-472b-a76d-1bbd45eb06d8,0964adc3-2538-49f1-94dc-53aa434b8aa8,TB
171,KURSUS PANDUAN PENGURUSAN PERHUBUNGAN PELANGGAN DAN SERVIS KAUNTER: PEMATUHAN SOP KESELAMATAN,2021-06-17,2021-06-17,7466eef1-51ea-4860-9813-b22cf45e2a4e,WEBINAR,GN,7ce970e0-e82a-4889-b6f4-87313161bb03,0964adc3-2538-49f1-94dc-53aa434b8aa8,TB
178,"TAKLIMAT PERSONAL PROTECTIVE EQUITMENT (PPE) TRAINING (FOOTWARE SAFETY, EYEWEAR SAFETY)",2021-06-17,2021-06-18,7466eef1-51ea-4860-9813-b22cf45e2a4e,WEBINAR,FN,f999f1a9-28c8-4906-9022-42f514e98a58,0964adc3-2538-49f1-94dc-53aa434b8aa8,TB
293,KURSUS WEBINAR : BEKERJA DARI RUMAH (B.D.R) : SEJAUH MANAKAH INTEGRITI DAN AKAUNTABILITI KAKITANGAN,2021-06-18,2021-06-18,edd171ab-57b7-44b6-a29f-38d108dea04f,WEBINAR,GN,0543e995-7f94-45c4-a1a3-9712aa7dbabb,0964adc3-2538-49f1-94dc-53aa434b8aa8,TB
302,VIRTUAL DIALOGUE - UNLOCKING THE POWER OF HYBRID CLOUND AND TRANSFORMATION,2021-06-18,2021-06-18,STAR MEDIA GROUP,WEBINAR,GN,4243a7ab-99bd-472b-a76d-1bbd45eb06d8,0964adc3-2538-49f1-94dc-53aa434b8aa8,TB
305,"KURSUS PROTOKOL , ETIKA DAN PENGURUSAN MAJLIS",2021-06-18,2021-06-18,7466eef1-51ea-4860-9813-b22cf45e2a4e,,GN,216b7542-ffcc-4125-842d-7f40d5d7e3f5,0964adc3-2538-49f1-94dc-53aa434b8aa8,TB
307,BAHASA MANDARIN UNTUK INTERAKSI HARIAN,2021-06-21, 25 JUNE 2021,7466eef1-51ea-4860-9813-b22cf45e2a4e,,GN,4243a7ab-99bd-472b-a76d-1bbd45eb06d8,0964adc3-2538-49f1-94dc-53aa434b8aa8,TB
308,SMART CITY HANDBOOK MALAYSIA LAUNCH EVENT,2021-06-22,2021-06-22,c85b8f2b-795c-40c0-9a43-b2f322b1c412,WEBINAR,FN,0f54455b-c897-40cb-bb67-ff1769466226,0964adc3-2538-49f1-94dc-53aa434b8aa8,TB
310,KURSUS KEPENTINGAN KESELAMATAN DITAPAK BINA ,2021-06-22,2021-06-22,7466eef1-51ea-4860-9813-b22cf45e2a4e,WEBINAR,FN,0f54455b-c897-40cb-bb67-ff1769466226,2f540625-6835-4afc-8938-903a85b34155,TB
311,MEMBINA BANDAR LESTARI DAN PEKA TERHADAP PERUBAHAN IKLIM SEMASA PANDEMIK,2021-06-22,2021-06-22,7466eef1-51ea-4860-9813-b22cf45e2a4e,WEBINAR,FN,fd5c820c-c63f-4276-8d74-9c5555a73a69,0f08f1f3-c9a4-4d00-b748-43e4e53fd58d,TB
312,TAX IMPLICATIONS AND MANAGEMENT FOR REAL ESTATE PRACTITIONERS,2021-06-22,2021-06-22,7f49019d-bd09-4a06-9492-6cb73acca1dd,WEBINAR,FN,100a4423-5c8d-4cc5-ac76-aacfa3828403,22f3a100-5842-448b-93f2-df7fb7fdcc2e,TB
321,ONLINE ACADEMIC WORKSHOP OF DIGITAL ECONOMY FOR ASEAN SENIOR TALENTS,2021-06-22, 26 JUNE 2021,490d2cde-5195-44df-b12d-abe4ffbe8701,WEBINAR,GN,2481ba73-4476-434c-a3c3-5a911fb1fa2e,22f3a100-5842-448b-93f2-df7fb7fdcc2e,TB
337,WEGO INVITES YOU TO THE SOLUTION MEET CITIES WEBINAR & AFSCN SEMINAR,2021-06-22, 29 JUNE 2021,WEGO,WEBINAR,FN,0f54455b-c897-40cb-bb67-ff1769466226,2f540625-6835-4afc-8938-903a85b34155,TB
355,ALL YOU WANT TO KNOW ABOUT : BACK PROTECTION AND EXERCISE PROGRAM AT WORKPLACE,2021-06-23,2021-06-23,7466eef1-51ea-4860-9813-b22cf45e2a4e,WEBINAR,GN,aaf2682c-20a1-4c71-9034-20d40d70a369,0964adc3-2538-49f1-94dc-53aa434b8aa8,TB
356,PROGRAM SHARING HRMIS APPLICATION KNOWLEDGE & EXPERIENCE (SHARE),2021-06-23,2021-06-23,7466eef1-51ea-4860-9813-b22cf45e2a4e,WEBINAR,FN,d2addd1d-4b15-4115-9ec3-9468b26721d6,2f540625-6835-4afc-8938-903a85b34155,TB
357,PLASTIX SUSTAINABILITY LEADERSHIP WEBINAR,2021-06-23,2021-06-23,7466eef1-51ea-4860-9813-b22cf45e2a4e,WEBINAR,GN,83c36b75-c03e-418d-a410-71d146006b8e,0f08f1f3-c9a4-4d00-b748-43e4e53fd58d,TB
358,WMAM MASTERCLASS SERIES CONFIRMATION - PRACTICAL CHANGES THAT IMPACT CONSUMER & BUSSNIESS,2021-06-23,2021-06-23,ea178e63-b442-44bb-97f1-9c64b9747e0f,WEBINAR,GN,ac803436-f75e-49cc-a7af-9dd49e6b8486,0f08f1f3-c9a4-4d00-b748-43e4e53fd58d,TB
382,"""WORK IN PROGRESS""",2021-06-23,2021-06-23,b3c52fb6-74e1-4cae-abdc-901b2a65e781,WEBINAR,GN,6dde3724-7416-45f0-8fc8-e1c0cb92aef6,2f540625-6835-4afc-8938-903a85b34155,TB
387,WMAM MASTERCLASS SERIES,2021-06-23,2021-06-23,ea178e63-b442-44bb-97f1-9c64b9747e0f,WEBINAR,GN,4243a7ab-99bd-472b-a76d-1bbd45eb06d8,0964adc3-2538-49f1-94dc-53aa434b8aa8,TB
388,TAKLIMAT VAKSIN COVID-19,2021-06-23,2021-06-23,7466eef1-51ea-4860-9813-b22cf45e2a4e,WEBINAR,GN,aaf2682c-20a1-4c71-9034-20d40d70a369,0964adc3-2538-49f1-94dc-53aa434b8aa8,TB
511,KEMAHIRAN KOMUNIKASI POWER DI PERSEKITARAN PEJABAT,2021-06-25,2021-06-25,edd171ab-57b7-44b6-a29f-38d108dea04f,WEBINAR,GN,4c398e32-d9f6-4d04-9d0d-6aa3e028c158,0964adc3-2538-49f1-94dc-53aa434b8aa8,TB
548,PENANG CONSTRUCTION INDUSTRY GO DIGITAL ( TOPIC: BIM AND DIGITAL MODELING),2021-06-25,2021-06-25,833fea23-b366-4189-b72c-29b2173f3405,WEBINAR,FN,ead68422-4e58-435c-89e4-de8735341dd9,2f540625-6835-4afc-8938-903a85b34155,TB
555,TAKLIMAT VAKSIN COVID-19,2021-06-28,2021-06-28,7466eef1-51ea-4860-9813-b22cf45e2a4e,WEBINAR,GN,aaf2682c-20a1-4c71-9034-20d40d70a369,0964adc3-2538-49f1-94dc-53aa434b8aa8,TB
574,HER 15 MINUTE CITY,2021-06-28,2021-06-28,9bad2bbe-78a0-4ef2-b7d4-9250670adb39,WEBINAR,FN,4624d854-ce8d-46a7-9cc7-4721cfadc45e,2f540625-6835-4afc-8938-903a85b34155,TB
578,BENGKEL PERBINCANGAN BERSAMA PEMEGANG TARUH UNTUK PELAN PEMBANGUNAN BAS ELEKTRIK KEBANGSAAN.,2021-06-28,2021-06-28,d099f620-ae9a-458a-865c-f4b962ef1d63,WEBINAR,FN,0f54455b-c897-40cb-bb67-ff1769466226,0f08f1f3-c9a4-4d00-b748-43e4e53fd58d,TB
579,BENGKEL PERBINCANGAN BERSAMA PEMEGANG TARUH UNTUK PELAN PEMBANGUNAN BAS ELEKTRIK KEBANGSAAN.,2021-06-28,2021-06-28,d099f620-ae9a-458a-865c-f4b962ef1d63,WEBINAR,FN,0f54455b-c897-40cb-bb67-ff1769466226,0f08f1f3-c9a4-4d00-b748-43e4e53fd58d,TB
580,TAKLIMAT VAKSIN COVID-19,2021-06-29,2021-06-29,7466eef1-51ea-4860-9813-b22cf45e2a4e,WEBINAR,GN,aaf2682c-20a1-4c71-9034-20d40d70a369,0964adc3-2538-49f1-94dc-53aa434b8aa8,TB
588,SEMINAR KELESTARIAN INTERGRITI,2021-06-29,2021-06-29,7466eef1-51ea-4860-9813-b22cf45e2a4e,,GN,0543e995-7f94-45c4-a1a3-9712aa7dbabb,0964adc3-2538-49f1-94dc-53aa434b8aa8,TB
589,"ROAD TO RECOVERY SERIES (SEASON 2, EPISODE 5 ) MALAYSIA SMART CITIES OUTLOOK: REVIEW CURRENT, ENVISION TOMORROW",2021-06-29,2021-06-29,03d8d036-9d17-4c01-ac7c-900f3ea4ff83,WEBINAR,FN,4624d854-ce8d-46a7-9cc7-4721cfadc45e,2f540625-6835-4afc-8938-903a85b34155,TB
597,FORGERIES AND FRAUD IN REAL ESTATE TRANSACTIONS,2021-06-29,2021-06-29,7f49019d-bd09-4a06-9492-6cb73acca1dd,WEBINAR,FN,100a4423-5c8d-4cc5-ac76-aacfa3828403,2f540625-6835-4afc-8938-903a85b34155,TB
606,MEMPERKASA INTEGRITI SECARA MAGICAL,2021-06-29,2021-06-29,d9a16b39-ac20-4e83-b4c0-4b96ea4c4e6d,HYBRID,GN,0543e995-7f94-45c4-a1a3-9712aa7dbabb,0964adc3-2538-49f1-94dc-53aa434b8aa8,TB
611,"SEMINAR KELESTARIAN INTERGRITI BERTEMAKAN "" PEMATUHAN PROSEDUR STANDART (SOP)  PERINTAH KAWALAN PERGERAKKAN (PKP) : BERINTERGRITIKAH KITA?",2021-06-29,2021-06-29,7466eef1-51ea-4860-9813-b22cf45e2a4e,,GN,0543e995-7f94-45c4-a1a3-9712aa7dbabb,0964adc3-2538-49f1-94dc-53aa434b8aa8,TB
612,WMAM TRAINING SERIES : EFFECTIVE WASTE COLLECTION & OPTIMISATION,2021-06-30,2021-06-30,ea178e63-b442-44bb-97f1-9c64b9747e0f,WEBINAR,FN,fd5c820c-c63f-4276-8d74-9c5555a73a69,0f08f1f3-c9a4-4d00-b748-43e4e53fd58d,TB
614,TAKLIMAT VAKSIN COVID-19,2021-06-30,2021-06-30,7466eef1-51ea-4860-9813-b22cf45e2a4e,WEBINAR,GN,aaf2682c-20a1-4c71-9034-20d40d70a369,0964adc3-2538-49f1-94dc-53aa434b8aa8,TB
683,BDR: KERJA VS KELUARGA,2021-06-30,2021-06-30,7466eef1-51ea-4860-9813-b22cf45e2a4e,WEBINAR,GN,0543e995-7f94-45c4-a1a3-9712aa7dbabb,0964adc3-2538-49f1-94dc-53aa434b8aa8,TB
801,PENGESAHAN KURSUS : WACANA LEGASI LANDSKAP MELAYU DAN PERKAMPUNGAN KUCHAI PERAK,2021-06-30,2021-06-30,bc6c2bdf-d056-492d-b58c-a0be8b81f0f0,WEBINAR,FN,0f54455b-c897-40cb-bb67-ff1769466226,2f540625-6835-4afc-8938-903a85b34155,TB
804,WASTED MANAGEMENT IN SUSTAINABLE AND SMART CITIES,2021-06-30,2021-06-30,7466eef1-51ea-4860-9813-b22cf45e2a4e,,FN,4624d854-ce8d-46a7-9cc7-4721cfadc45e,0f08f1f3-c9a4-4d00-b748-43e4e53fd58d,TB
1,TAKLIMAT PENGGUNAAN BAHAN KIMIA DAN PERALATAN KAWALAN VEKTOR,2021-07-01,2021-07-01,7466eef1-51ea-4860-9813-b22cf45e2a4e,WEBINAR,FN,f999f1a9-28c8-4906-9022-42f514e98a58,0f08f1f3-c9a4-4d00-b748-43e4e53fd58d,TB
79,WASTE MANAGEMENT IN SUSTAINABLE & SMART CITIES,2021-07-01,2021-07-01,7466eef1-51ea-4860-9813-b22cf45e2a4e,WEBINAR,FN,0f54455b-c897-40cb-bb67-ff1769466226,0f08f1f3-c9a4-4d00-b748-43e4e53fd58d,TB
81,SUSTAINABLE CONCRETE SOLUTION FOR LANDSCAPE DESIGN,2021-07-02,2021-07-02,7439743d-1da3-46f6-9b61-34c272a1093a,WEBINAR,FN,0f54455b-c897-40cb-bb67-ff1769466226,0f08f1f3-c9a4-4d00-b748-43e4e53fd58d,TB
85,KEMAHIRAN  PSIKOLOGI PENGURUSAN STRES KEMANUSIAAN SEMASA PANDEMIK,2021-07-02,2021-07-02,edd171ab-57b7-44b6-a29f-38d108dea04f,WEBINAR,GN,1d124872-fd61-4990-98f9-3a0e48003097,0964adc3-2538-49f1-94dc-53aa434b8aa8,TB
86,GENERATING INNOVATIONS FOR GROWTH (GIG) PROGRAM,2021-07-05,2021-07-08,c6de0e2a-d76d-45a5-9671-5211eff38bde,KEYSIGHT TECHNOLOGIES PENANG,GN,2481ba73-4476-434c-a3c3-5a911fb1fa2e,0964adc3-2538-49f1-94dc-53aa434b8aa8,BS
88,LEGAL ISSUES & PROCESS RELATING TO LAND ACQUISITION ,2021-07-06,2021-07-06,7f49019d-bd09-4a06-9492-6cb73acca1dd,WEBINAR,FN,100a4423-5c8d-4cc5-ac76-aacfa3828403,2f540625-6835-4afc-8938-903a85b34155,TB
,TAKLIMAT IMUNISASI COVID-19 PERINGKAT 2,2021-07-08,2021-07-08,7466eef1-51ea-4860-9813-b22cf45e2a4e,ZOOM,GN,aaf2682c-20a1-4c71-9034-20d40d70a369,0964adc3-2538-49f1-94dc-53aa434b8aa8,TB
97,KURSUS 'COVID-19 AND WORK : STAYING HEALTHY AND SAFE AT WORK DURING COVID-19 PANDEMIC',2021-07-08,2021-07-08,7466eef1-51ea-4860-9813-b22cf45e2a4e,WEBINAR,GN,aaf2682c-20a1-4c71-9034-20d40d70a369,0964adc3-2538-49f1-94dc-53aa434b8aa8,TB
158,WFH IKHLAS TAPI JAUH ,2021-07-08,2021-07-08,b3c52fb6-74e1-4cae-abdc-901b2a65e781,WEBINAR,GN,0543e995-7f94-45c4-a1a3-9712aa7dbabb,0964adc3-2538-49f1-94dc-53aa434b8aa8,TB
168,SESI LIBAT URUS TRANSFORMASI PENGURUSAN SISA PEPEJAL KE ARAH PELAKSANAAN EKONOMI KITARAN BERSAMA PIHAK BERKUASA NEGERI (PBN) DAN BERKUASA TEMPATAN,2021-07-12,2021-07-12,c85b8f2b-795c-40c0-9a43-b2f322b1c412,WEBINAR,FN,fd5c820c-c63f-4276-8d74-9c5555a73a69,0f08f1f3-c9a4-4d00-b748-43e4e53fd58d,TB
,KURSUS LIVE CHAT DAN MOBILE LIVE CHAT ,2021-07-12,2021-07-12,7466eef1-51ea-4860-9813-b22cf45e2a4e,WEBINAR,FN,0f54455b-c897-40cb-bb67-ff1769466226,2f540625-6835-4afc-8938-903a85b34155,TB
169,HANDLING DEFECTS IN WATERPROOFING WORKS FOR BUILDINGS,2021-07-13,2021-07-13,7f49019d-bd09-4a06-9492-6cb73acca1dd,WEBINAR,FN,ead68422-4e58-435c-89e4-de8735341dd9,0f08f1f3-c9a4-4d00-b748-43e4e53fd58d,TB
171,SESI PERKONGSIAN ILMU (SPI) : PEMANTAPAN NORMA BAHARU PEGAWAI PENYIASAT PBT,2021-07-13,2021-07-13,bc6c2bdf-d056-492d-b58c-a0be8b81f0f0,WEBINAR,GN,83c36b75-c03e-418d-a410-71d146006b8e,2f540625-6835-4afc-8938-903a85b34155,TB
182,CO-HOST CAPACITY BUILDING TRAINING ON ENERGY EFFICIENCY WITH DANISH EFFICIENCY PARTNERS (DEEP),2021-07-15,2021-10-21,e14fa390-9d48-4681-b4a4-69a6e5653741,WEBINAR,FN,4624d854-ce8d-46a7-9cc7-4721cfadc45e,0f08f1f3-c9a4-4d00-b748-43e4e53fd58d,TB
184,PENGURUSAN SISA PEPEJAL BERSEPADU KE ARAH EKONOMI KITARAN,2021-07-19,2021-07-19,c85b8f2b-795c-40c0-9a43-b2f322b1c412,WEBINAR,FN,fd5c820c-c63f-4276-8d74-9c5555a73a69,0f08f1f3-c9a4-4d00-b748-43e4e53fd58d,TB
185,BENGKEL ISO 37001 : 2016 ANTI BRIBERY MANAGEMENT SYSTEMS (ABMS),2021-07-21,2021-07-22,833fea23-b366-4189-b72c-29b2173f3405,WEBINAR,FN,f80efc1e-da7c-445b-b371-44ed76151f43,2f540625-6835-4afc-8938-903a85b34155,TB
187,INNOVATIVE & RESILIENT MINDSET,2021-07-22,2021-07-22,1cd4f21e-f1c3-405a-a9a5-36d11b1fd6c4,WEBINAR,GN,1d124872-fd61-4990-98f9-3a0e48003097,0964adc3-2538-49f1-94dc-53aa434b8aa8,TB
231,KASPACES NATIONAL WEBINAR : WEBINAR,2021-07-26,2021-07-26,aad714fb-c19b-47af-ad41-7247e519a346,WEBINAR,FN,0f54455b-c897-40cb-bb67-ff1769466226,2f540625-6835-4afc-8938-903a85b34155,TB
234,RESHAPING THE URBAN LANDSCAPE : ADVANCING GREEN SOLUTIONS IN THE DISRUPTED WORLD,2021-07-26,2021-07-27,5ddc85de-41ea-4cf5-a1e5-1f4949a0ae59,WEBINAR,FN,fd5c820c-c63f-4276-8d74-9c5555a73a69,0f08f1f3-c9a4-4d00-b748-43e4e53fd58d,TB
240,MANAGE & ENHANCE STRATIFIED PROPERTY WITH TECHNOLOGY,2021-07-27,2021-07-27,7f49019d-bd09-4a06-9492-6cb73acca1dd,WEBINAR,FN,100a4423-5c8d-4cc5-ac76-aacfa3828403,2f540625-6835-4afc-8938-903a85b34155,TB
248,PEMBINAAN KEMAHIRAN DAN KEUPAYAAN BAGI PEMBANGUNAN BANDAR MAMPAN DAN HIJAU,2021-07-27,2021-07-28,995b837b-a618-4f36-a785-d2c744e01485,WEBINAR,FN,fd5c820c-c63f-4276-8d74-9c5555a73a69,0f08f1f3-c9a4-4d00-b748-43e4e53fd58d,TB
254,TRANSLATING CONCEPT TO BANKABLE PROJECTS - AN UP CLOSE WITH SMART CITIES ENABLERS,2021-07-29,2021-07-29,995b837b-a618-4f36-a785-d2c744e01485,WEBINAR,GN,4243a7ab-99bd-472b-a76d-1bbd45eb06d8,0f08f1f3-c9a4-4d00-b748-43e4e53fd58d,TB
260,ONLINE SEMINAR : WOMEN IN LOCAL GOVERNMENT - CAN MENTORING MAKE A DIFFERENCE,2021-07-29,2021-07-29,a42f6fe8-34b1-483f-82cc-965a41fe52f7,WEBINAR,GN,4243a7ab-99bd-472b-a76d-1bbd45eb06d8,2f540625-6835-4afc-8938-903a85b34155,TB
276,GREENING MALAYSIA : MASS FLOWERING OF THE MALAYSIAN RAINFOREST,2021-07-30,2021-07-30,7c70acba-fbc1-4388-8dcd-81e0ced55d7e,WEBINAR,FN,fd5c820c-c63f-4276-8d74-9c5555a73a69,0f08f1f3-c9a4-4d00-b748-43e4e53fd58d,TB
277,FORUM DASAR NEGARA BAGI AMALAN BAIK PERATURAN (NPGRP),2021-07-30,2021-07-30,643b57b5-c237-4085-80a6-42932ca91e4f,WEBINAR,GN,83c36b75-c03e-418d-a410-71d146006b8e,2f540625-6835-4afc-8938-903a85b34155,TB
1,TAKLIMAT PELAN TINDAKAN AKSESIBILITI ORANG KURANG UPAYA DI BAWAH ASPEK PERSEKITARAN FIZIKAL BAGI PANDUAN PELAKSANAAN OLEH PIHAK BERKUASA TEMPATAN BAGI ZON TIMUR DAN ZON UTARA,2021-08-02,2021-08-02,c85b8f2b-795c-40c0-9a43-b2f322b1c412,WEBINAR,FN,0f54455b-c897-40cb-bb67-ff1769466226,0f08f1f3-c9a4-4d00-b748-43e4e53fd58d,TB
6,MAJLIS PELANCARAN DASAR KEBUN KOMUNITI BANDAR (DKKB),2021-08-03,2021-08-03,c85b8f2b-795c-40c0-9a43-b2f322b1c412,WEBINAR,FN,4624d854-ce8d-46a7-9cc7-4721cfadc45e,0f08f1f3-c9a4-4d00-b748-43e4e53fd58d,TB
10,KURSUS ETIKA KERJA : PERANAN PENYELIA,2021-08-04,2021-08-04,2d904241-fba1-4fea-b511-9b325e566905,WEBINAR,FN,f0bc355f-c2bd-4dfc-889d-cb3abe08173e,2f540625-6835-4afc-8938-903a85b34155,TB
12,TAKLIMAT KESELAMATAN DAN KESIHATAN DI TEMPAT KERJA SEMASA PANDEMIK COVID-19,2021-08-04,2021-08-04,7466eef1-51ea-4860-9813-b22cf45e2a4e,WEBINAR,GN,aaf2682c-20a1-4c71-9034-20d40d70a369,0964adc3-2538-49f1-94dc-53aa434b8aa8,TB
177,GLOBAL FUTURE CITIES PROGRAMME WEBINAR,2021-08-05,2021-08-05,9bad2bbe-78a0-4ef2-b7d4-9250670adb39,WEBINAR,FN,4624d854-ce8d-46a7-9cc7-4721cfadc45e,2f540625-6835-4afc-8938-903a85b34155,TB
180,WELCOMING GEN Z AT WORKPLACE,2021-08-05,2021-08-05,14499ea2-e3be-40e2-9792-ff26e52bba1e,WEBINAR,GN,4c398e32-d9f6-4d04-9d0d-6aa3e028c158,0964adc3-2538-49f1-94dc-53aa434b8aa8,TB
184,BENGKEL ISO 37001 : 2016 ANTI BRIBERY MANAGEMENT SYSTEMS (ABMS) SIRI 2 & 3,2021-08-05,2021-08-06,833fea23-b366-4189-b72c-29b2173f3405,WEBINAR,FN,f80efc1e-da7c-445b-b371-44ed76151f43,2f540625-6835-4afc-8938-903a85b34155,TB
186,HAPPY & EFFECTIVE WORKING FROM HOME,2021-08-09,2021-08-09,14499ea2-e3be-40e2-9792-ff26e52bba1e,WEBINAR,GN,1d124872-fd61-4990-98f9-3a0e48003097,0964adc3-2538-49f1-94dc-53aa434b8aa8,TB
203,WORKING POSTURE AND MANUAL HANDLING HAZARDS,2021-08-09,2021-08-09,55244c50-76e8-4ff5-a464-c472a34ced9f,WEBINAR,FN,aaf2682c-20a1-4c71-9034-20d40d70a369,0964adc3-2538-49f1-94dc-53aa434b8aa8,TB
204,PERBINCANGAN BERKENAAN EKSPO 2020 DUBAI,2021-08-09,2021-08-09,9e2b77b3-5242-4a6f-af47-82827fcb573c,WEBINAR,FN,0f54455b-c897-40cb-bb67-ff1769466226,2f540625-6835-4afc-8938-903a85b34155,TB
205,DO YOU HAVE CORONAPHOBIA? - UNDERSTANDING WHY OBSESSING IS VERY BAD FOR YOU,2021-08-10,2021-08-10,59006bee-85cb-43bb-b5a1-168ef78cc445,WEBINAR,GN,aaf2682c-20a1-4c71-9034-20d40d70a369,0964adc3-2538-49f1-94dc-53aa434b8aa8,TB
219,TYPES OF CONDITIONAL AGREEMENTS AND ITS LEGAL IMPLICATIONS,2021-08-11,2021-08-11,7f49019d-bd09-4a06-9492-6cb73acca1dd,WEBINAR,FN,f80efc1e-da7c-445b-b371-44ed76151f43,2f540625-6835-4afc-8938-903a85b34155,TB
220,BAHAGIA DAN PRODUKTIF DI MASA PANDEMIK,2021-08-11,2021-08-11,14499ea2-e3be-40e2-9792-ff26e52bba1e,WEBINAR,GN,1d124872-fd61-4990-98f9-3a0e48003097,0964adc3-2538-49f1-94dc-53aa434b8aa8,TB
244,BENGKEL ISO 37001 : 2016 ANTI BRIBERY MANAGEMENT SYSTEMS (ABMS) INTERNAL AUDITING,2021-08-12,2021-08-13,833fea23-b366-4189-b72c-29b2173f3405,WEBINAR,GN,0543e995-7f94-45c4-a1a3-9712aa7dbabb,2f540625-6835-4afc-8938-903a85b34155,TB
247,VAKSIN HATI,2021-08-13,2021-08-13,14499ea2-e3be-40e2-9792-ff26e52bba1e,WEBINAR,GN,1d124872-fd61-4990-98f9-3a0e48003097,0964adc3-2538-49f1-94dc-53aa434b8aa8,TB
277,PENANG TEACHING CONFERENCE FOR GENERAL PRACTITIONERS,2021-08-13,2021-08-15,74151116-bf1e-41ea-92ed-b312445a78bc,WEBINAR,FN,f999f1a9-28c8-4906-9022-42f514e98a58,0964adc3-2538-49f1-94dc-53aa434b8aa8,TB
281,KURSUS PELAKSANAAN REKA BENTUK SEJAGAT BERDASARKAN MS1184 DALAM PEMBANGUNAN SEDIA ADA SIRI 2/2021,2021-08-16,2021-08-17,c85b8f2b-795c-40c0-9a43-b2f322b1c412,WEBINAR,FN,4624d854-ce8d-46a7-9cc7-4721cfadc45e,2f540625-6835-4afc-8938-903a85b34155,TB
285,BENGKEL BAGI PERANCANGAN PEMBANGUNAN PROJEK PESISIR TIMUR (EAST SEAFRONT) PULAU PINANG,2021-08-17,2021-08-17,833fea23-b366-4189-b72c-29b2173f3405,WEBINAR,FN,4624d854-ce8d-46a7-9cc7-4721cfadc45e,0f08f1f3-c9a4-4d00-b748-43e4e53fd58d,TB
290,PIALA INOVASI MALA 2020 (PIALA YB MENTERI KPKT),2021-08-17,2021-08-17,c85b8f2b-795c-40c0-9a43-b2f322b1c412,WEBINAR,GN,4c398e32-d9f6-4d04-9d0d-6aa3e028c158,0964adc3-2538-49f1-94dc-53aa434b8aa8,TB
295,MAJLIS PERASMIAN DAN PERSIDANGAN DIGITAL SEKTOR AWAM 2021,2021-08-19,2021-08-19,518ade86-7c1d-4b29-87d8-9e519ef4ace0,WEBINAR,GN,4243a7ab-99bd-472b-a76d-1bbd45eb06d8,2f540625-6835-4afc-8938-903a85b34155,TB
297,WEBINAR PEMERKASAAN SYARIAH MEMBANGUN KHAIRA UMMAH : PENYELEWENGAN AKIDAH DAN KESAN DALAM MEMBENTUK KHAIRA UMMAH ,2021-08-19,2021-08-19,797cff77-01f9-44a0-9a4c-31ed17cc193c,WEBINAR,GN,1d124872-fd61-4990-98f9-3a0e48003097,0964adc3-2538-49f1-94dc-53aa434b8aa8,TB
326,RSOG WEBINAR 12/2021 : WORK IN PROGRESS,2021-08-20,2021-08-20,b3c52fb6-74e1-4cae-abdc-901b2a65e781,WEBINAR,GN,6dde3724-7416-45f0-8fc8-e1c0cb92aef6,2f540625-6835-4afc-8938-903a85b34155,TB
328,MOTIVASI PEMBENTUKAN JATI DIRI : MOTIVASI KONSTRUKTIVSME DIRI,2021-08-21,2021-08-21,edd171ab-57b7-44b6-a29f-38d108dea04f,WEBINAR,GN,1d124872-fd61-4990-98f9-3a0e48003097,0964adc3-2538-49f1-94dc-53aa434b8aa8,TB
332,PROGRAM TRANSFORMASI MINDA (PTM) SIRI 2 TAHUN 2021,2021-08-23,2021-08-26,7466eef1-51ea-4860-9813-b22cf45e2a4e,WEBINAR,FN,f0bc355f-c2bd-4dfc-889d-cb3abe08173e,2f540625-6835-4afc-8938-903a85b34155,TB
362,ANALISIS PERMINTAAN HARTANAH KEDIAMAN SEKUNDER MALAYSIA SEPARUH PERTAMA 2021,2021-08-24,2021-08-24,1aabbb40-8186-46ef-a0e2-f9a9b9eb1a8a,WEBINAR,FN,100a4423-5c8d-4cc5-ac76-aacfa3828403,2f540625-6835-4afc-8938-903a85b34155,TB
364,KURSUS CPD : HOW TO CONDUCT A PROPER HANDOVER OF A STRATA AND LANDED DEVELOPMENT,2021-08-24,2021-08-25,7f49019d-bd09-4a06-9492-6cb73acca1dd,WEBINAR,FN,100a4423-5c8d-4cc5-ac76-aacfa3828403,2f540625-6835-4afc-8938-903a85b34155,TB
365,SESI SEBARAN GARIS PANDUAN PERANCANGAN PLANMALAYSIA BAGI ZON UTARA TAHUN 2021,2021-08-25,2021-08-25,e08ec7d9-7b55-4440-8088-2f4010ae5645,WEBINAR,FN,100a4423-5c8d-4cc5-ac76-aacfa3828403,2f540625-6835-4afc-8938-903a85b34155,TB
366,WEBINAR PENILAIAN IMPAK SOSIAL NEGERI SELANGOR,2021-08-28,2021-08-28,66bea6da-39b2-4b7c-b9e6-9279b98c2d31,WEBINAR,GN,4c398e32-d9f6-4d04-9d0d-6aa3e028c158,0964adc3-2538-49f1-94dc-53aa434b8aa8,TB
369,PROGRAM TERAPI MINDA : KESIHATAN MENTAL PEKERJA DAN KELUARGA 2021,2021-08-25,2021-08-25,24cc5989-9ea7-4a34-b299-55c050506114,WEBINAR,GN,1d124872-fd61-4990-98f9-3a0e48003097,0964adc3-2538-49f1-94dc-53aa434b8aa8,TB
412,MOTIVASI RESET MINDA DAN SEMANGAT,2021-08-25,2021-08-25,7466eef1-51ea-4860-9813-b22cf45e2a4e,WEBINAR,GN,1d124872-fd61-4990-98f9-3a0e48003097,0964adc3-2538-49f1-94dc-53aa434b8aa8,TB
512,4TH WEGO AWARDS : MEET THE WINNERS WEBINARS,2021-08-26,2021-09-14,WEGO,WEBINAR,GN,4243a7ab-99bd-472b-a76d-1bbd45eb06d8,2f540625-6835-4afc-8938-903a85b34155,TB
532,"WEBINAR BUAL BICARA BERSAMA AHLI PARLIMEN YB SENATOR DATUK RAS ADIBA MOHD RADZI ""HOW TO HANDLE MEDIA EFFECTIVELY""",2021-08-27,2021-08-27,b07d42fb-6063-4259-93ce-09a125cd3807,WEBINAR,FN,b6df89a3-6ab2-4e15-b7a3-f51120f38a27,2f540625-6835-4afc-8938-903a85b34155,TB
542,KURSUS PEMANDUAN BERHEMAH DAN PENYELENGGARAAN KENDERAAN,2021-08-28,2021-08-28,edd171ab-57b7-44b6-a29f-38d108dea04f,WEBINAR,FN,b6df89a3-6ab2-4e15-b7a3-f51120f38a27,2f540625-6835-4afc-8938-903a85b34155,TB
549,KURSUS INTERPRETATION OF ISO 45001:2018 ,2021-08-30,2021-08-30,7466eef1-51ea-4860-9813-b22cf45e2a4e,WEBINAR,FN,f80efc1e-da7c-445b-b371-44ed76151f43,2f540625-6835-4afc-8938-903a85b34155,TB
616,Program SHARE-HRMIS Dalam Talian Siri 19/2021,2021-08-30,2021-08-30,8da08e70-b5ea-49e0-bd09-14d3f8fa64a4,WEBINAR,FN,f0bc355f-c2bd-4dfc-889d-cb3abe08173e,2f540625-6835-4afc-8938-903a85b34155,TB
621,PROGRAM TRANSFORMASI MINDA (PTM) SIRI 1 TAHUN 2021,2021-08-16,2021-08-19,7466eef1-51ea-4860-9813-b22cf45e2a4e,WEBINAR,FN,f0bc355f-c2bd-4dfc-889d-cb3abe08173e,2f540625-6835-4afc-8938-903a85b34155,TB
