ProductRegNo,SLPID,TAC,RegType,SerialNo,productCategory,modelID,modelDescription,consigneeName
SQASI/20/LBL/760002,CIDF15000022,REAB/87R/0220/S(20-0412),SerialNo,3RDJ573,NOTEBOOK (HYBRID-ICT),,P91F [WLAN & Bluetooth Module: AX201D2W & QCNFA524],DELL GLOBAL BUSINESS CENTER SDN. BHD
SQASI/20/LBL/760002,CIDF15000022,REAB/87R/0220/S(20-0412),SerialNo,FJM4473,NOTEBOOK (HYBRID-ICT),,P91F [WLAN & Bluetooth Module: AX201D2W & QCNFA524],DELL GLOBAL BUSINESS CENTER SDN. BHD
SQASI/20/LBL/760002,CIDF15000022,REAB/87R/0220/S(20-0412),SerialNo,DJ57473,NOTEBOOK (HYBRID-ICT),,P91F [WLAN & Bluetooth Module: AX201D2W & QCNFA524],DELL GLOBAL BUSINESS CENTER SDN. BHD
SQASI/20/LBL/760002,CIDF15000022,REAB/87R/0220/S(20-0412),SerialNo,5ZF4473,NOTEBOOK (HYBRID-ICT),,P91F [WLAN & Bluetooth Module: AX201D2W & QCNFA524],DELL GLOBAL BUSINESS CENTER SDN. BHD
SQASI/20/LBL/760002,CIDF15000022,REAB/87R/0220/S(20-0412),SerialNo,BGM4473,NOTEBOOK (HYBRID-ICT),,P91F [WLAN & Bluetooth Module: AX201D2W & QCNFA524],DELL GLOBAL BUSINESS CENTER SDN. BHD
SQASI/20/LBL/760002,CIDF15000022,REAB/87R/0220/S(20-0412),SerialNo,CYK7273,NOTEBOOK (HYBRID-ICT),,P91F [WLAN & Bluetooth Module: AX201D2W & QCNFA524],DELL GLOBAL BUSINESS CENTER SDN. BHD
SQASI/20/LBL/760002,CIDF15000022,REAB/87R/0220/S(20-0412),SerialNo,J1T6273,NOTEBOOK (HYBRID-ICT),,P91F [WLAN & Bluetooth Module: AX201D2W & QCNFA524],DELL GLOBAL BUSINESS CENTER SDN. BHD
SQASI/20/LBL/760002,CIDF15000022,REAB/87R/0220/S(20-0412),SerialNo,1G47273,NOTEBOOK (HYBRID-ICT),,P91F [WLAN & Bluetooth Module: AX201D2W & QCNFA524],DELL GLOBAL BUSINESS CENTER SDN. BHD
SQASI/20/LBL/760002,CIDF15000022,REAB/87R/0220/S(20-0412),SerialNo,DH47273,NOTEBOOK (HYBRID-ICT),,P91F [WLAN & Bluetooth Module: AX201D2W & QCNFA524],DELL GLOBAL BUSINESS CENTER SDN. BHD
SQASI/20/LBL/760002,CIDF15000022,REAB/87R/0220/S(20-0412),SerialNo,FY99273,NOTEBOOK (HYBRID-ICT),,P91F [WLAN & Bluetooth Module: AX201D2W & QCNFA524],DELL GLOBAL BUSINESS CENTER SDN. BHD
SQASI/20/LBL/760002,CIDF15000022,REAB/87R/0220/S(20-0412),SerialNo,GZW1473,NOTEBOOK (HYBRID-ICT),,P91F [WLAN & Bluetooth Module: AX201D2W & QCNFA524],DELL GLOBAL BUSINESS CENTER SDN. BHD
SQASI/20/LBL/760002,CIDF15000022,REAB/87R/0220/S(20-0412),SerialNo,6G7C273,NOTEBOOK (HYBRID-ICT),,P91F [WLAN & Bluetooth Module: AX201D2W & QCNFA524],DELL GLOBAL BUSINESS CENTER SDN. BHD
SQASI/20/LBL/760002,CIDF15000022,REAB/87R/0220/S(20-0412),SerialNo,9F7C273,NOTEBOOK (HYBRID-ICT),,P91F [WLAN & Bluetooth Module: AX201D2W & QCNFA524],DELL GLOBAL BUSINESS CENTER SDN. BHD
SQASI/20/LBL/760002,CIDF15000022,REAB/87R/0220/S(20-0412),SerialNo,44ZC273,NOTEBOOK (HYBRID-ICT),,P91F [WLAN & Bluetooth Module: AX201D2W & QCNFA524],DELL GLOBAL BUSINESS CENTER SDN. BHD
SQASI/20/LBL/760001,CIDF15000022,REAB/96K/1118/S(18-4445),SerialNo,DFQ2C73,NOTEBOOK (HYBRID-ICT),,"P89G [SRC Module: 9462NGW, 9560NGW, 9560NGW R, QCNFA335, QCNFA435, QCNFA344A]",DELL GLOBAL BUSINESS CENTER SDN. BHD
SQASI/20/LBL/760001,CIDF15000022,REAB/96K/1118/S(18-4445),SerialNo,2YS3C73,NOTEBOOK (HYBRID-ICT),,"P89G [SRC Module: 9462NGW, 9560NGW, 9560NGW R, QCNFA335, QCNFA435, QCNFA344A]",DELL GLOBAL BUSINESS CENTER SDN. BHD
SQASI/20/LBL/760001,CIDF15000022,REAB/96K/1118/S(18-4445),SerialNo,GWS3C73,NOTEBOOK (HYBRID-ICT),,"P89G [SRC Module: 9462NGW, 9560NGW, 9560NGW R, QCNFA335, QCNFA435, QCNFA344A]",DELL GLOBAL BUSINESS CENTER SDN. BHD
SQASI/20/LBL/760001,CIDF15000022,REAB/96K/1118/S(18-4445),SerialNo,G8WBC73,NOTEBOOK (HYBRID-ICT),,"P89G [SRC Module: 9462NGW, 9560NGW, 9560NGW R, QCNFA335, QCNFA435, QCNFA344A]",DELL GLOBAL BUSINESS CENTER SDN. BHD
SQASI/20/LBL/760001,CIDF15000022,REAB/96K/1118/S(18-4445),SerialNo,4JJCC73,NOTEBOOK (HYBRID-ICT),,"P89G [SRC Module: 9462NGW, 9560NGW, 9560NGW R, QCNFA335, QCNFA435, QCNFA344A]",DELL GLOBAL BUSINESS CENTER SDN. BHD
SQASI/20/LBL/760001,CIDF15000022,REAB/96K/1118/S(18-4445),SerialNo,CLS2C73,NOTEBOOK (HYBRID-ICT),,"P89G [SRC Module: 9462NGW, 9560NGW, 9560NGW R, QCNFA335, QCNFA435, QCNFA344A]",DELL GLOBAL BUSINESS CENTER SDN. BHD
SQASI/20/LBL/760001,CIDF15000022,REAB/96K/1118/S(18-4445),SerialNo,2P8DC73,NOTEBOOK (HYBRID-ICT),,"P89G [SRC Module: 9462NGW, 9560NGW, 9560NGW R, QCNFA335, QCNFA435, QCNFA344A]",DELL GLOBAL BUSINESS CENTER SDN. BHD
SQASI/20/LBL/760001,CIDF15000022,REAB/96K/1118/S(18-4445),SerialNo,G6XBC73,NOTEBOOK (HYBRID-ICT),,"P89G [SRC Module: 9462NGW, 9560NGW, 9560NGW R, QCNFA335, QCNFA435, QCNFA344A]",DELL GLOBAL BUSINESS CENTER SDN. BHD
SQASI/20/LBL/760000,CIDF15000022,REAB/71R/0120/S(20-0312),SerialNo,7BFV563,NOTEBOOK (HYBRID-ICT),,"P89G [SRC Module: 9462NGW, 9560NGW, 9560NGW R, QCNFA335, QCNFA435, QCNFA344A]",DELL GLOBAL BUSINESS CENTER SDN. BHD
SQASI/20/LBL/760000,CIDF15000022,REAB/71R/0120/S(20-0312),SerialNo,3CFV563,NOTEBOOK (HYBRID-ICT),,"P89G [SRC Module: 9462NGW, 9560NGW, 9560NGW R, QCNFA335, QCNFA435, QCNFA344A]",DELL GLOBAL BUSINESS CENTER SDN. BHD
SQASI/20/LBL/760000,CIDF15000022,REAB/71R/0120/S(20-0312),SerialNo,6DBV563,NOTEBOOK (HYBRID-ICT),,"P89G [SRC Module: 9462NGW, 9560NGW, 9560NGW R, QCNFA335, QCNFA435, QCNFA344A]",DELL GLOBAL BUSINESS CENTER SDN. BHD
SQASI/20/LBL/760000,CIDF15000022,REAB/71R/0120/S(20-0312),SerialNo,JTCV563,NOTEBOOK (HYBRID-ICT),,"P89G [SRC Module: 9462NGW, 9560NGW, 9560NGW R, QCNFA335, QCNFA435, QCNFA344A]",DELL GLOBAL BUSINESS CENTER SDN. BHD
SQASI/20/LBL/760000,CIDF15000022,REAB/71R/0120/S(20-0312),SerialNo,BBFV563,NOTEBOOK (HYBRID-ICT),,"P89G [SRC Module: 9462NGW, 9560NGW, 9560NGW R, QCNFA335, QCNFA435, QCNFA344A]",DELL GLOBAL BUSINESS CENTER SDN. BHD
SQASI/20/LBL/760000,CIDF15000022,REAB/71R/0120/S(20-0312),SerialNo,JFFV563,NOTEBOOK (HYBRID-ICT),,"P89G [SRC Module: 9462NGW, 9560NGW, 9560NGW R, QCNFA335, QCNFA435, QCNFA344A]",DELL GLOBAL BUSINESS CENTER SDN. BHD
SQASI/20/LBL/760000,CIDF15000022,REAB/71R/0120/S(20-0312),SerialNo,85N1663,NOTEBOOK (HYBRID-ICT),,"P89G [SRC Module: 9462NGW, 9560NGW, 9560NGW R, QCNFA335, QCNFA435, QCNFA344A]",DELL GLOBAL BUSINESS CENTER SDN. BHD
SQASI/20/LBL/760000,CIDF15000022,REAB/71R/0120/S(20-0312),SerialNo,D5N1663,NOTEBOOK (HYBRID-ICT),,"P89G [SRC Module: 9462NGW, 9560NGW, 9560NGW R, QCNFA335, QCNFA435, QCNFA344A]",DELL GLOBAL BUSINESS CENTER SDN. BHD
SQASI/20/LBL/760000,CIDF15000022,REAB/71R/0120/S(20-0312),SerialNo,B7N1663,NOTEBOOK (HYBRID-ICT),,"P89G [SRC Module: 9462NGW, 9560NGW, 9560NGW R, QCNFA335, QCNFA435, QCNFA344A]",DELL GLOBAL BUSINESS CENTER SDN. BHD
SQASI/20/LBL/760000,CIDF15000022,REAB/71R/0120/S(20-0312),SerialNo,96N1663,NOTEBOOK (HYBRID-ICT),,"P89G [SRC Module: 9462NGW, 9560NGW, 9560NGW R, QCNFA335, QCNFA435, QCNFA344A]",DELL GLOBAL BUSINESS CENTER SDN. BHD
SQASI/20/LBL/760000,CIDF15000022,REAB/71R/0120/S(20-0312),SerialNo,C5N1663,NOTEBOOK (HYBRID-ICT),,"P89G [SRC Module: 9462NGW, 9560NGW, 9560NGW R, QCNFA335, QCNFA435, QCNFA344A]",DELL GLOBAL BUSINESS CENTER SDN. BHD
SQASI/20/LBL/760000,CIDF15000022,REAB/71R/0120/S(20-0312),SerialNo,H8N1663,NOTEBOOK (HYBRID-ICT),,"P89G [SRC Module: 9462NGW, 9560NGW, 9560NGW R, QCNFA335, QCNFA435, QCNFA344A]",DELL GLOBAL BUSINESS CENTER SDN. BHD
SQASI/20/LBL/760000,CIDF15000022,REAB/71R/0120/S(20-0312),SerialNo,18N1663,NOTEBOOK (HYBRID-ICT),,"P89G [SRC Module: 9462NGW, 9560NGW, 9560NGW R, QCNFA335, QCNFA435, QCNFA344A]",DELL GLOBAL BUSINESS CENTER SDN. BHD
SQASI/20/LBL/760000,CIDF15000022,REAB/71R/0120/S(20-0312),SerialNo,28N1663,NOTEBOOK (HYBRID-ICT),,"P89G [SRC Module: 9462NGW, 9560NGW, 9560NGW R, QCNFA335, QCNFA435, QCNFA344A]",DELL GLOBAL BUSINESS CENTER SDN. BHD
SQASI/20/LBL/760000,CIDF15000022,REAB/71R/0120/S(20-0312),SerialNo,38N1663,NOTEBOOK (HYBRID-ICT),,"P89G [SRC Module: 9462NGW, 9560NGW, 9560NGW R, QCNFA335, QCNFA435, QCNFA344A]",DELL GLOBAL BUSINESS CENTER SDN. BHD
SQASI/20/LBL/760000,CIDF15000022,REAB/71R/0120/S(20-0312),SerialNo,48N1663,NOTEBOOK (HYBRID-ICT),,"P89G [SRC Module: 9462NGW, 9560NGW, 9560NGW R, QCNFA335, QCNFA435, QCNFA344A]",DELL GLOBAL BUSINESS CENTER SDN. BHD
SQASI/20/LBL/759999,CIDF15000022,REAB/98I/0418/S(18-1281),SerialNo,3GGBC73,NOTEBOOK (HYBRID-ICT),,"P75F [WLAN Module: QCNFA344A, QCNFA435, QCNFA335, 3165NGW, 7265NGW, 8265NGW, 9560NGW & 9462NGW ]",DELL GLOBAL BUSINESS CENTER SDN. BHD
SQASI/20/LBL/759999,CIDF15000022,REAB/98I/0418/S(18-1281),SerialNo,7BZCC73,NOTEBOOK (HYBRID-ICT),,"P75F [WLAN Module: QCNFA344A, QCNFA435, QCNFA335, 3165NGW, 7265NGW, 8265NGW, 9560NGW & 9462NGW ]",DELL GLOBAL BUSINESS CENTER SDN. BHD
SQASI/20/LBL/759999,CIDF15000022,REAB/98I/0418/S(18-1281),SerialNo,G3YBC73,NOTEBOOK (HYBRID-ICT),,"P75F [WLAN Module: QCNFA344A, QCNFA435, QCNFA335, 3165NGW, 7265NGW, 8265NGW, 9560NGW & 9462NGW ]",DELL GLOBAL BUSINESS CENTER SDN. BHD
SQASI/20/LBL/759999,CIDF15000022,REAB/98I/0418/S(18-1281),SerialNo,B4YBC73,NOTEBOOK (HYBRID-ICT),,"P75F [WLAN Module: QCNFA344A, QCNFA435, QCNFA335, 3165NGW, 7265NGW, 8265NGW, 9560NGW & 9462NGW ]",DELL GLOBAL BUSINESS CENTER SDN. BHD
SQASI/20/LBL/759999,CIDF15000022,REAB/98I/0418/S(18-1281),SerialNo,13YBC73,NOTEBOOK (HYBRID-ICT),,"P75F [WLAN Module: QCNFA344A, QCNFA435, QCNFA335, 3165NGW, 7265NGW, 8265NGW, 9560NGW & 9462NGW ]",DELL GLOBAL BUSINESS CENTER SDN. BHD
SQASI/20/LBL/759999,CIDF15000022,REAB/98I/0418/S(18-1281),SerialNo,83YBC73,NOTEBOOK (HYBRID-ICT),,"P75F [WLAN Module: QCNFA344A, QCNFA435, QCNFA335, 3165NGW, 7265NGW, 8265NGW, 9560NGW & 9462NGW ]",DELL GLOBAL BUSINESS CENTER SDN. BHD
SQASI/20/LBL/759999,CIDF15000022,REAB/98I/0418/S(18-1281),SerialNo,H9PVB73,NOTEBOOK (HYBRID-ICT),,"P75F [WLAN Module: QCNFA344A, QCNFA435, QCNFA335, 3165NGW, 7265NGW, 8265NGW, 9560NGW & 9462NGW ]",DELL GLOBAL BUSINESS CENTER SDN. BHD
SQASI/20/LBL/759999,CIDF15000022,REAB/98I/0418/S(18-1281),SerialNo,FVDWB73,NOTEBOOK (HYBRID-ICT),,"P75F [WLAN Module: QCNFA344A, QCNFA435, QCNFA335, 3165NGW, 7265NGW, 8265NGW, 9560NGW & 9462NGW ]",DELL GLOBAL BUSINESS CENTER SDN. BHD
SQASI/20/LBL/759999,CIDF15000022,REAB/98I/0418/S(18-1281),SerialNo,2S1CC73,NOTEBOOK (HYBRID-ICT),,"P75F [WLAN Module: QCNFA344A, QCNFA435, QCNFA335, 3165NGW, 7265NGW, 8265NGW, 9560NGW & 9462NGW ]",DELL GLOBAL BUSINESS CENTER SDN. BHD
SQASI/20/LBL/759999,CIDF15000022,REAB/98I/0418/S(18-1281),SerialNo,8FV1C73,NOTEBOOK (HYBRID-ICT),,"P75F [WLAN Module: QCNFA344A, QCNFA435, QCNFA335, 3165NGW, 7265NGW, 8265NGW, 9560NGW & 9462NGW ]",DELL GLOBAL BUSINESS CENTER SDN. BHD
SQASI/20/LBL/759999,CIDF15000022,REAB/98I/0418/S(18-1281),SerialNo,FNVVB73,NOTEBOOK (HYBRID-ICT),,"P75F [WLAN Module: QCNFA344A, QCNFA435, QCNFA335, 3165NGW, 7265NGW, 8265NGW, 9560NGW & 9462NGW ]",DELL GLOBAL BUSINESS CENTER SDN. BHD
SQASI/20/LBL/759999,CIDF15000022,REAB/98I/0418/S(18-1281),SerialNo,FJ1WB73,NOTEBOOK (HYBRID-ICT),,"P75F [WLAN Module: QCNFA344A, QCNFA435, QCNFA335, 3165NGW, 7265NGW, 8265NGW, 9560NGW & 9462NGW ]",DELL GLOBAL BUSINESS CENTER SDN. BHD
SQASI/20/LBL/759999,CIDF15000022,REAB/98I/0418/S(18-1281),SerialNo,CGT1C73,NOTEBOOK (HYBRID-ICT),,"P75F [WLAN Module: QCNFA344A, QCNFA435, QCNFA335, 3165NGW, 7265NGW, 8265NGW, 9560NGW & 9462NGW ]",DELL GLOBAL BUSINESS CENTER SDN. BHD
SQASI/20/LBL/759999,CIDF15000022,REAB/98I/0418/S(18-1281),SerialNo,JJV1C73,NOTEBOOK (HYBRID-ICT),,"P75F [WLAN Module: QCNFA344A, QCNFA435, QCNFA335, 3165NGW, 7265NGW, 8265NGW, 9560NGW & 9462NGW ]",DELL GLOBAL BUSINESS CENTER SDN. BHD
SQASI/20/LBL/759999,CIDF15000022,REAB/98I/0418/S(18-1281),SerialNo,5JPVB73,NOTEBOOK (HYBRID-ICT),,"P75F [WLAN Module: QCNFA344A, QCNFA435, QCNFA335, 3165NGW, 7265NGW, 8265NGW, 9560NGW & 9462NGW ]",DELL GLOBAL BUSINESS CENTER SDN. BHD
SQASI/20/LBL/759999,CIDF15000022,REAB/98I/0418/S(18-1281),SerialNo,758ZB73,NOTEBOOK (HYBRID-ICT),,"P75F [WLAN Module: QCNFA344A, QCNFA435, QCNFA335, 3165NGW, 7265NGW, 8265NGW, 9560NGW & 9462NGW ]",DELL GLOBAL BUSINESS CENTER SDN. BHD
SQASI/20/LBL/759999,CIDF15000022,REAB/98I/0418/S(18-1281),SerialNo,7CFYB73,NOTEBOOK (HYBRID-ICT),,"P75F [WLAN Module: QCNFA344A, QCNFA435, QCNFA335, 3165NGW, 7265NGW, 8265NGW, 9560NGW & 9462NGW ]",DELL GLOBAL BUSINESS CENTER SDN. BHD
SQASI/20/LBL/759999,CIDF15000022,REAB/98I/0418/S(18-1281),SerialNo,6DYYB73,NOTEBOOK (HYBRID-ICT),,"P75F [WLAN Module: QCNFA344A, QCNFA435, QCNFA335, 3165NGW, 7265NGW, 8265NGW, 9560NGW & 9462NGW ]",DELL GLOBAL BUSINESS CENTER SDN. BHD
SQASI/20/LBL/759999,CIDF15000022,REAB/98I/0418/S(18-1281),SerialNo,3FFYB73,NOTEBOOK (HYBRID-ICT),,"P75F [WLAN Module: QCNFA344A, QCNFA435, QCNFA335, 3165NGW, 7265NGW, 8265NGW, 9560NGW & 9462NGW ]",DELL GLOBAL BUSINESS CENTER SDN. BHD
SQASI/20/LBL/759999,CIDF15000022,REAB/98I/0418/S(18-1281),SerialNo,6HT1C73,NOTEBOOK (HYBRID-ICT),,"P75F [WLAN Module: QCNFA344A, QCNFA435, QCNFA335, 3165NGW, 7265NGW, 8265NGW, 9560NGW & 9462NGW ]",DELL GLOBAL BUSINESS CENTER SDN. BHD
SQASI/20/LBL/759999,CIDF15000022,REAB/98I/0418/S(18-1281),SerialNo,GBPVB73,NOTEBOOK (HYBRID-ICT),,"P75F [WLAN Module: QCNFA344A, QCNFA435, QCNFA335, 3165NGW, 7265NGW, 8265NGW, 9560NGW & 9462NGW ]",DELL GLOBAL BUSINESS CENTER SDN. BHD
SQASI/20/LBL/759999,CIDF15000022,REAB/98I/0418/S(18-1281),SerialNo,2XFVB73,NOTEBOOK (HYBRID-ICT),,"P75F [WLAN Module: QCNFA344A, QCNFA435, QCNFA335, 3165NGW, 7265NGW, 8265NGW, 9560NGW & 9462NGW ]",DELL GLOBAL BUSINESS CENTER SDN. BHD
SQASI/20/LBL/759999,CIDF15000022,REAB/98I/0418/S(18-1281),SerialNo,6LYWB73,NOTEBOOK (HYBRID-ICT),,"P75F [WLAN Module: QCNFA344A, QCNFA435, QCNFA335, 3165NGW, 7265NGW, 8265NGW, 9560NGW & 9462NGW ]",DELL GLOBAL BUSINESS CENTER SDN. BHD
SQASI/20/LBL/759999,CIDF15000022,REAB/98I/0418/S(18-1281),SerialNo,GCFYB73,NOTEBOOK (HYBRID-ICT),,"P75F [WLAN Module: QCNFA344A, QCNFA435, QCNFA335, 3165NGW, 7265NGW, 8265NGW, 9560NGW & 9462NGW ]",DELL GLOBAL BUSINESS CENTER SDN. BHD
SQASI/20/LBL/759999,CIDF15000022,REAB/98I/0418/S(18-1281),SerialNo,GWVVB73,NOTEBOOK (HYBRID-ICT),,"P75F [WLAN Module: QCNFA344A, QCNFA435, QCNFA335, 3165NGW, 7265NGW, 8265NGW, 9560NGW & 9462NGW ]",DELL GLOBAL BUSINESS CENTER SDN. BHD
SQASI/20/LBL/759999,CIDF15000022,REAB/98I/0418/S(18-1281),SerialNo,9KPVB73,NOTEBOOK (HYBRID-ICT),,"P75F [WLAN Module: QCNFA344A, QCNFA435, QCNFA335, 3165NGW, 7265NGW, 8265NGW, 9560NGW & 9462NGW ]",DELL GLOBAL BUSINESS CENTER SDN. BHD
SQASI/20/LBL/759999,CIDF15000022,REAB/98I/0418/S(18-1281),SerialNo,8JPVB73,NOTEBOOK (HYBRID-ICT),,"P75F [WLAN Module: QCNFA344A, QCNFA435, QCNFA335, 3165NGW, 7265NGW, 8265NGW, 9560NGW & 9462NGW ]",DELL GLOBAL BUSINESS CENTER SDN. BHD
SQASI/20/LBL/759999,CIDF15000022,REAB/98I/0418/S(18-1281),SerialNo,8HPVB73,NOTEBOOK (HYBRID-ICT),,"P75F [WLAN Module: QCNFA344A, QCNFA435, QCNFA335, 3165NGW, 7265NGW, 8265NGW, 9560NGW & 9462NGW ]",DELL GLOBAL BUSINESS CENTER SDN. BHD
SQASI/20/LBL/759999,CIDF15000022,REAB/98I/0418/S(18-1281),SerialNo,FYVVB73,NOTEBOOK (HYBRID-ICT),,"P75F [WLAN Module: QCNFA344A, QCNFA435, QCNFA335, 3165NGW, 7265NGW, 8265NGW, 9560NGW & 9462NGW ]",DELL GLOBAL BUSINESS CENTER SDN. BHD
SQASI/20/LBL/759999,CIDF15000022,REAB/98I/0418/S(18-1281),SerialNo,6YVVB73,NOTEBOOK (HYBRID-ICT),,"P75F [WLAN Module: QCNFA344A, QCNFA435, QCNFA335, 3165NGW, 7265NGW, 8265NGW, 9560NGW & 9462NGW ]",DELL GLOBAL BUSINESS CENTER SDN. BHD
SQASI/20/LBL/759999,CIDF15000022,REAB/98I/0418/S(18-1281),SerialNo,8ZVVB73,NOTEBOOK (HYBRID-ICT),,"P75F [WLAN Module: QCNFA344A, QCNFA435, QCNFA335, 3165NGW, 7265NGW, 8265NGW, 9560NGW & 9462NGW ]",DELL GLOBAL BUSINESS CENTER SDN. BHD
SQASI/20/LBL/759999,CIDF15000022,REAB/98I/0418/S(18-1281),SerialNo,GXVVB73,NOTEBOOK (HYBRID-ICT),,"P75F [WLAN Module: QCNFA344A, QCNFA435, QCNFA335, 3165NGW, 7265NGW, 8265NGW, 9560NGW & 9462NGW ]",DELL GLOBAL BUSINESS CENTER SDN. BHD
SQASI/20/LBL/759999,CIDF15000022,REAB/98I/0418/S(18-1281),SerialNo,277WB73,NOTEBOOK (HYBRID-ICT),,"P75F [WLAN Module: QCNFA344A, QCNFA435, QCNFA335, 3165NGW, 7265NGW, 8265NGW, 9560NGW & 9462NGW ]",DELL GLOBAL BUSINESS CENTER SDN. BHD
SQASI/20/LBL/759999,CIDF15000022,REAB/98I/0418/S(18-1281),SerialNo,507WB73,NOTEBOOK (HYBRID-ICT),,"P75F [WLAN Module: QCNFA344A, QCNFA435, QCNFA335, 3165NGW, 7265NGW, 8265NGW, 9560NGW & 9462NGW ]",DELL GLOBAL BUSINESS CENTER SDN. BHD
SQASI/20/LBL/759999,CIDF15000022,REAB/98I/0418/S(18-1281),SerialNo,3SVVB73,NOTEBOOK (HYBRID-ICT),,"P75F [WLAN Module: QCNFA344A, QCNFA435, QCNFA335, 3165NGW, 7265NGW, 8265NGW, 9560NGW & 9462NGW ]",DELL GLOBAL BUSINESS CENTER SDN. BHD
SQASI/20/LBL/759999,CIDF15000022,REAB/98I/0418/S(18-1281),SerialNo,2TVVB73,NOTEBOOK (HYBRID-ICT),,"P75F [WLAN Module: QCNFA344A, QCNFA435, QCNFA335, 3165NGW, 7265NGW, 8265NGW, 9560NGW & 9462NGW ]",DELL GLOBAL BUSINESS CENTER SDN. BHD
SQASI/20/LBL/759999,CIDF15000022,REAB/98I/0418/S(18-1281),SerialNo,6XVVB73,NOTEBOOK (HYBRID-ICT),,"P75F [WLAN Module: QCNFA344A, QCNFA435, QCNFA335, 3165NGW, 7265NGW, 8265NGW, 9560NGW & 9462NGW ]",DELL GLOBAL BUSINESS CENTER SDN. BHD
SQASI/20/LBL/759999,CIDF15000022,REAB/98I/0418/S(18-1281),SerialNo,JKPVB73,NOTEBOOK (HYBRID-ICT),,"P75F [WLAN Module: QCNFA344A, QCNFA435, QCNFA335, 3165NGW, 7265NGW, 8265NGW, 9560NGW & 9462NGW ]",DELL GLOBAL BUSINESS CENTER SDN. BHD
SQASI/20/LBL/759999,CIDF15000022,REAB/98I/0418/S(18-1281),SerialNo,1PVVB73,NOTEBOOK (HYBRID-ICT),,"P75F [WLAN Module: QCNFA344A, QCNFA435, QCNFA335, 3165NGW, 7265NGW, 8265NGW, 9560NGW & 9462NGW ]",DELL GLOBAL BUSINESS CENTER SDN. BHD
SQASI/20/LBL/759999,CIDF15000022,REAB/98I/0418/S(18-1281),SerialNo,GJPVB73,NOTEBOOK (HYBRID-ICT),,"P75F [WLAN Module: QCNFA344A, QCNFA435, QCNFA335, 3165NGW, 7265NGW, 8265NGW, 9560NGW & 9462NGW ]",DELL GLOBAL BUSINESS CENTER SDN. BHD
SQASI/20/LBL/759999,CIDF15000022,REAB/98I/0418/S(18-1281),SerialNo,HGPVB73,NOTEBOOK (HYBRID-ICT),,"P75F [WLAN Module: QCNFA344A, QCNFA435, QCNFA335, 3165NGW, 7265NGW, 8265NGW, 9560NGW & 9462NGW ]",DELL GLOBAL BUSINESS CENTER SDN. BHD
SQASI/20/LBL/759999,CIDF15000022,REAB/98I/0418/S(18-1281),SerialNo,9HPVB73,NOTEBOOK (HYBRID-ICT),,"P75F [WLAN Module: QCNFA344A, QCNFA435, QCNFA335, 3165NGW, 7265NGW, 8265NGW, 9560NGW & 9462NGW ]",DELL GLOBAL BUSINESS CENTER SDN. BHD
SQASI/20/LBL/759999,CIDF15000022,REAB/98I/0418/S(18-1281),SerialNo,FC1WB73,NOTEBOOK (HYBRID-ICT),,"P75F [WLAN Module: QCNFA344A, QCNFA435, QCNFA335, 3165NGW, 7265NGW, 8265NGW, 9560NGW & 9462NGW ]",DELL GLOBAL BUSINESS CENTER SDN. BHD
SQASI/20/LBL/759999,CIDF15000022,REAB/98I/0418/S(18-1281),SerialNo,9RVVB73,NOTEBOOK (HYBRID-ICT),,"P75F [WLAN Module: QCNFA344A, QCNFA435, QCNFA335, 3165NGW, 7265NGW, 8265NGW, 9560NGW & 9462NGW ]",DELL GLOBAL BUSINESS CENTER SDN. BHD
SQASI/20/LBL/759999,CIDF15000022,REAB/98I/0418/S(18-1281),SerialNo,DVVVB73,NOTEBOOK (HYBRID-ICT),,"P75F [WLAN Module: QCNFA344A, QCNFA435, QCNFA335, 3165NGW, 7265NGW, 8265NGW, 9560NGW & 9462NGW ]",DELL GLOBAL BUSINESS CENTER SDN. BHD
SQASI/20/LBL/759999,CIDF15000022,REAB/98I/0418/S(18-1281),SerialNo,6QVVB73,NOTEBOOK (HYBRID-ICT),,"P75F [WLAN Module: QCNFA344A, QCNFA435, QCNFA335, 3165NGW, 7265NGW, 8265NGW, 9560NGW & 9462NGW ]",DELL GLOBAL BUSINESS CENTER SDN. BHD
SQASI/20/LBL/759999,CIDF15000022,REAB/98I/0418/S(18-1281),SerialNo,8PVVB73,NOTEBOOK (HYBRID-ICT),,"P75F [WLAN Module: QCNFA344A, QCNFA435, QCNFA335, 3165NGW, 7265NGW, 8265NGW, 9560NGW & 9462NGW ]",DELL GLOBAL BUSINESS CENTER SDN. BHD
SQASI/20/LBL/759999,CIDF15000022,REAB/98I/0418/S(18-1281),SerialNo,6VVVB73,NOTEBOOK (HYBRID-ICT),,"P75F [WLAN Module: QCNFA344A, QCNFA435, QCNFA335, 3165NGW, 7265NGW, 8265NGW, 9560NGW & 9462NGW ]",DELL GLOBAL BUSINESS CENTER SDN. BHD
SQASI/20/LBL/759999,CIDF15000022,REAB/98I/0418/S(18-1281),SerialNo,CTVVB73,NOTEBOOK (HYBRID-ICT),,"P75F [WLAN Module: QCNFA344A, QCNFA435, QCNFA335, 3165NGW, 7265NGW, 8265NGW, 9560NGW & 9462NGW ]",DELL GLOBAL BUSINESS CENTER SDN. BHD
SQASI/20/LBL/759998,CIDF15000022,REAB/11O/0619/S(19-2187),SerialNo,3D8W273,NOTEBOOK (HYBRID-ICT),,"P74F [SRC Module: QCNFA344A, 9260NGW, AX200NGW ] [WWAN Module: T77W968] [NFC Module: DWRFID1602, DWRFID1801]",DELL GLOBAL BUSINESS CENTER SDN. BHD
SQASI/20/LBL/759997,CIDF15000022,REAB/95N/0519/S(19-2097),SerialNo,4YBV373,NOTEBOOK (HYBRID-ICT),,"P56F [SRC Module: BCM94350ZAE, BCM943602BAED, 8260NGW, QCNFA364A , QCNFA344A, 8265NGW, 9260NGW, AX200NGW]",DELL GLOBAL BUSINESS CENTER SDN. BHD
SQASI/20/LBL/759996,CIDF15000022,REAB/74R/0120/S(20-0346),SerialNo,8Q4D273,NOTEBOOK (HYBRID-ICT),,P45E [WLAN & Bluetooth Module: AX200D2WL],DELL GLOBAL BUSINESS CENTER SDN. BHD
SQASI/20/LBL/759995,CIDF15000022,REAB/85S/0320/S(20-0794),SerialNo,1SHB273,NOTEBOOK (HYBRID-ICT),,"P44E [WLAN & Bluetooth Module: AX201NGW] [WWAN Module: T77W968] [NFC Module: DWRFID1902] [1 SIM, 1 IMEI",DELL GLOBAL BUSINESS CENTER SDN. BHD
SQASI/20/LBL/759994,CIDF15000022,REAB/43S/0220/S(20-0716),SerialNo,4FMH273,NOTEBOOK (HYBRID-ICT),,"P33S [WLAN & Bluetooth Module: AX201D2W, 9560D2W] [WWAN Module: T77W968] [NFC Module: DWRFID1902] [1 SIM, 1 IMEI]",DELL GLOBAL BUSINESS CENTER SDN. BHD
SQASI/20/LBL/759994,CIDF15000022,REAB/43S/0220/S(20-0716),SerialNo,6PW1473,NOTEBOOK (HYBRID-ICT),,"P33S [WLAN & Bluetooth Module: AX201D2W, 9560D2W] [WWAN Module: T77W968] [NFC Module: DWRFID1902] [1 SIM, 1 IMEI]",DELL GLOBAL BUSINESS CENTER SDN. BHD
SQASI/20/LBL/759994,CIDF15000022,REAB/43S/0220/S(20-0716),SerialNo,CXZH273,NOTEBOOK (HYBRID-ICT),,"P33S [WLAN & Bluetooth Module: AX201D2W, 9560D2W] [WWAN Module: T77W968] [NFC Module: DWRFID1902] [1 SIM, 1 IMEI]",DELL GLOBAL BUSINESS CENTER SDN. BHD
SQASI/20/LBL/759994,CIDF15000022,REAB/43S/0220/S(20-0716),SerialNo,6S67273,NOTEBOOK (HYBRID-ICT),,"P33S [WLAN & Bluetooth Module: AX201D2W, 9560D2W] [WWAN Module: T77W968] [NFC Module: DWRFID1902] [1 SIM, 1 IMEI]",DELL GLOBAL BUSINESS CENTER SDN. BHD
SQASI/20/LBL/759994,CIDF15000022,REAB/43S/0220/S(20-0716),SerialNo,9Y22473,NOTEBOOK (HYBRID-ICT),,"P33S [WLAN & Bluetooth Module: AX201D2W, 9560D2W] [WWAN Module: T77W968] [NFC Module: DWRFID1902] [1 SIM, 1 IMEI]",DELL GLOBAL BUSINESS CENTER SDN. BHD
SQASI/20/LBL/759994,CIDF15000022,REAB/43S/0220/S(20-0716),SerialNo,9L02473,NOTEBOOK (HYBRID-ICT),,"P33S [WLAN & Bluetooth Module: AX201D2W, 9560D2W] [WWAN Module: T77W968] [NFC Module: DWRFID1902] [1 SIM, 1 IMEI]",DELL GLOBAL BUSINESS CENTER SDN. BHD
SQASI/20/LBL/759994,CIDF15000022,REAB/43S/0220/S(20-0716),SerialNo,JCWG273,NOTEBOOK (HYBRID-ICT),,"P33S [WLAN & Bluetooth Module: AX201D2W, 9560D2W] [WWAN Module: T77W968] [NFC Module: DWRFID1902] [1 SIM, 1 IMEI]",DELL GLOBAL BUSINESS CENTER SDN. BHD
SQASI/20/LBL/759994,CIDF15000022,REAB/43S/0220/S(20-0716),SerialNo,2WPG273,NOTEBOOK (HYBRID-ICT),,"P33S [WLAN & Bluetooth Module: AX201D2W, 9560D2W] [WWAN Module: T77W968] [NFC Module: DWRFID1902] [1 SIM, 1 IMEI]",DELL GLOBAL BUSINESS CENTER SDN. BHD
SQASI/20/LBL/759994,CIDF15000022,REAB/43S/0220/S(20-0716),SerialNo,JWQ9273,NOTEBOOK (HYBRID-ICT),,"P33S [WLAN & Bluetooth Module: AX201D2W, 9560D2W] [WWAN Module: T77W968] [NFC Module: DWRFID1902] [1 SIM, 1 IMEI]",DELL GLOBAL BUSINESS CENTER SDN. BHD
SQASI/20/LBL/759994,CIDF15000022,REAB/43S/0220/S(20-0716),SerialNo,CYY1473,NOTEBOOK (HYBRID-ICT),,"P33S [WLAN & Bluetooth Module: AX201D2W, 9560D2W] [WWAN Module: T77W968] [NFC Module: DWRFID1902] [1 SIM, 1 IMEI]",DELL GLOBAL BUSINESS CENTER SDN. BHD
SQASI/20/LBL/759994,CIDF15000022,REAB/43S/0220/S(20-0716),SerialNo,80Y1473,NOTEBOOK (HYBRID-ICT),,"P33S [WLAN & Bluetooth Module: AX201D2W, 9560D2W] [WWAN Module: T77W968] [NFC Module: DWRFID1902] [1 SIM, 1 IMEI]",DELL GLOBAL BUSINESS CENTER SDN. BHD
SQASI/20/LBL/759994,CIDF15000022,REAB/43S/0220/S(20-0716),SerialNo,DB12473,NOTEBOOK (HYBRID-ICT),,"P33S [WLAN & Bluetooth Module: AX201D2W, 9560D2W] [WWAN Module: T77W968] [NFC Module: DWRFID1902] [1 SIM, 1 IMEI]",DELL GLOBAL BUSINESS CENTER SDN. BHD
SQASI/20/LBL/759994,CIDF15000022,REAB/43S/0220/S(20-0716),SerialNo,FVQ9273,NOTEBOOK (HYBRID-ICT),,"P33S [WLAN & Bluetooth Module: AX201D2W, 9560D2W] [WWAN Module: T77W968] [NFC Module: DWRFID1902] [1 SIM, 1 IMEI]",DELL GLOBAL BUSINESS CENTER SDN. BHD
SQASI/20/LBL/759994,CIDF15000022,REAB/43S/0220/S(20-0716),SerialNo,BT32473,NOTEBOOK (HYBRID-ICT),,"P33S [WLAN & Bluetooth Module: AX201D2W, 9560D2W] [WWAN Module: T77W968] [NFC Module: DWRFID1902] [1 SIM, 1 IMEI]",DELL GLOBAL BUSINESS CENTER SDN. BHD
SQASI/20/LBL/759994,CIDF15000022,REAB/43S/0220/S(20-0716),SerialNo,4N4X273,NOTEBOOK (HYBRID-ICT),,"P33S [WLAN & Bluetooth Module: AX201D2W, 9560D2W] [WWAN Module: T77W968] [NFC Module: DWRFID1902] [1 SIM, 1 IMEI]",DELL GLOBAL BUSINESS CENTER SDN. BHD
SQASI/20/LBL/759994,CIDF15000022,REAB/43S/0220/S(20-0716),SerialNo,8YNV273,NOTEBOOK (HYBRID-ICT),,"P33S [WLAN & Bluetooth Module: AX201D2W, 9560D2W] [WWAN Module: T77W968] [NFC Module: DWRFID1902] [1 SIM, 1 IMEI]",DELL GLOBAL BUSINESS CENTER SDN. BHD
SQASI/20/LBL/759994,CIDF15000022,REAB/43S/0220/S(20-0716),SerialNo,8CGW373,NOTEBOOK (HYBRID-ICT),,"P33S [WLAN & Bluetooth Module: AX201D2W, 9560D2W] [WWAN Module: T77W968] [NFC Module: DWRFID1902] [1 SIM, 1 IMEI]",DELL GLOBAL BUSINESS CENTER SDN. BHD
SQASI/20/LBL/759994,CIDF15000022,REAB/43S/0220/S(20-0716),SerialNo,1T7T373,NOTEBOOK (HYBRID-ICT),,"P33S [WLAN & Bluetooth Module: AX201D2W, 9560D2W] [WWAN Module: T77W968] [NFC Module: DWRFID1902] [1 SIM, 1 IMEI]",DELL GLOBAL BUSINESS CENTER SDN. BHD
SQASI/20/LBL/759994,CIDF15000022,REAB/43S/0220/S(20-0716),SerialNo,11TX373,NOTEBOOK (HYBRID-ICT),,"P33S [WLAN & Bluetooth Module: AX201D2W, 9560D2W] [WWAN Module: T77W968] [NFC Module: DWRFID1902] [1 SIM, 1 IMEI]",DELL GLOBAL BUSINESS CENTER SDN. BHD
SQASI/20/LBL/759994,CIDF15000022,REAB/43S/0220/S(20-0716),SerialNo,2K5Y373,NOTEBOOK (HYBRID-ICT),,"P33S [WLAN & Bluetooth Module: AX201D2W, 9560D2W] [WWAN Module: T77W968] [NFC Module: DWRFID1902] [1 SIM, 1 IMEI]",DELL GLOBAL BUSINESS CENTER SDN. BHD
SQASI/20/LBL/759993,CIDF15000022,REAB/27L/1218/S(18-4818),SerialNo,89SJ573,NOTEBOOK (HYBRID-ICT),,P29T [WLAN & Bluetooth Module: 9560D2W],DELL GLOBAL BUSINESS CENTER SDN. BHD
SQASI/20/LBL/759993,CIDF15000022,REAB/27L/1218/S(18-4818),SerialNo,3NQV573,NOTEBOOK (HYBRID-ICT),,P29T [WLAN & Bluetooth Module: 9560D2W],DELL GLOBAL BUSINESS CENTER SDN. BHD
SQASI/20/LBL/759993,CIDF15000022,REAB/27L/1218/S(18-4818),SerialNo,HCNW573,NOTEBOOK (HYBRID-ICT),,P29T [WLAN & Bluetooth Module: 9560D2W],DELL GLOBAL BUSINESS CENTER SDN. BHD
SQASI/20/LBL/759993,CIDF15000022,REAB/27L/1218/S(18-4818),SerialNo,83SS273,NOTEBOOK (HYBRID-ICT),,P29T [WLAN & Bluetooth Module: 9560D2W],DELL GLOBAL BUSINESS CENTER SDN. BHD
SQASI/20/LBL/759993,CIDF15000022,REAB/27L/1218/S(18-4818),SerialNo,5XJV573,NOTEBOOK (HYBRID-ICT),,P29T [WLAN & Bluetooth Module: 9560D2W],DELL GLOBAL BUSINESS CENTER SDN. BHD
SQASI/20/LBL/759993,CIDF15000022,REAB/27L/1218/S(18-4818),SerialNo,FYSX473,NOTEBOOK (HYBRID-ICT),,P29T [WLAN & Bluetooth Module: 9560D2W],DELL GLOBAL BUSINESS CENTER SDN. BHD
SQASI/20/LBL/759993,CIDF15000022,REAB/27L/1218/S(18-4818),SerialNo,CNRX573,NOTEBOOK (HYBRID-ICT),,P29T [WLAN & Bluetooth Module: 9560D2W],DELL GLOBAL BUSINESS CENTER SDN. BHD
SQASI/20/LBL/759993,CIDF15000022,REAB/27L/1218/S(18-4818),SerialNo,DCQV573,NOTEBOOK (HYBRID-ICT),,P29T [WLAN & Bluetooth Module: 9560D2W],DELL GLOBAL BUSINESS CENTER SDN. BHD
SQASI/20/LBL/759993,CIDF15000022,REAB/27L/1218/S(18-4818),SerialNo,BG8W573,NOTEBOOK (HYBRID-ICT),,P29T [WLAN & Bluetooth Module: 9560D2W],DELL GLOBAL BUSINESS CENTER SDN. BHD
SQASI/20/LBL/759993,CIDF15000022,REAB/27L/1218/S(18-4818),SerialNo,FSBY473,NOTEBOOK (HYBRID-ICT),,P29T [WLAN & Bluetooth Module: 9560D2W],DELL GLOBAL BUSINESS CENTER SDN. BHD
SQASI/20/LBL/759993,CIDF15000022,REAB/27L/1218/S(18-4818),SerialNo,83CY473,NOTEBOOK (HYBRID-ICT),,P29T [WLAN & Bluetooth Module: 9560D2W],DELL GLOBAL BUSINESS CENTER SDN. BHD
SQASI/20/LBL/759993,CIDF15000022,REAB/27L/1218/S(18-4818),SerialNo,6PRX573,NOTEBOOK (HYBRID-ICT),,P29T [WLAN & Bluetooth Module: 9560D2W],DELL GLOBAL BUSINESS CENTER SDN. BHD
SQASI/20/LBL/759993,CIDF15000022,REAB/27L/1218/S(18-4818),SerialNo,85GT573,NOTEBOOK (HYBRID-ICT),,P29T [WLAN & Bluetooth Module: 9560D2W],DELL GLOBAL BUSINESS CENTER SDN. BHD
SQASI/20/LBL/759993,CIDF15000022,REAB/27L/1218/S(18-4818),SerialNo,2B5Y473,NOTEBOOK (HYBRID-ICT),,P29T [WLAN & Bluetooth Module: 9560D2W],DELL GLOBAL BUSINESS CENTER SDN. BHD
SQASI/20/LBL/759993,CIDF15000022,REAB/27L/1218/S(18-4818),SerialNo,D7ZV473,NOTEBOOK (HYBRID-ICT),,P29T [WLAN & Bluetooth Module: 9560D2W],DELL GLOBAL BUSINESS CENTER SDN. BHD
SQASI/20/LBL/759993,CIDF15000022,REAB/27L/1218/S(18-4818),SerialNo,G8ZV473,NOTEBOOK (HYBRID-ICT),,P29T [WLAN & Bluetooth Module: 9560D2W],DELL GLOBAL BUSINESS CENTER SDN. BHD
SQASI/20/LBL/759993,CIDF15000022,REAB/27L/1218/S(18-4818),SerialNo,17NW573,NOTEBOOK (HYBRID-ICT),,P29T [WLAN & Bluetooth Module: 9560D2W],DELL GLOBAL BUSINESS CENTER SDN. BHD
SQASI/20/LBL/759993,CIDF15000022,REAB/27L/1218/S(18-4818),SerialNo,D5VW573,NOTEBOOK (HYBRID-ICT),,P29T [WLAN & Bluetooth Module: 9560D2W],DELL GLOBAL BUSINESS CENTER SDN. BHD
SQASI/20/LBL/759993,CIDF15000022,REAB/27L/1218/S(18-4818),SerialNo,6NWZ473,NOTEBOOK (HYBRID-ICT),,P29T [WLAN & Bluetooth Module: 9560D2W],DELL GLOBAL BUSINESS CENTER SDN. BHD
SQASI/20/LBL/759993,CIDF15000022,REAB/27L/1218/S(18-4818),SerialNo,42TX473,NOTEBOOK (HYBRID-ICT),,P29T [WLAN & Bluetooth Module: 9560D2W],DELL GLOBAL BUSINESS CENTER SDN. BHD
SQASI/20/LBL/759993,CIDF15000022,REAB/27L/1218/S(18-4818),SerialNo,99JW473,NOTEBOOK (HYBRID-ICT),,P29T [WLAN & Bluetooth Module: 9560D2W],DELL GLOBAL BUSINESS CENTER SDN. BHD
SQASI/20/LBL/759993,CIDF15000022,REAB/27L/1218/S(18-4818),SerialNo,4RJY473,NOTEBOOK (HYBRID-ICT),,P29T [WLAN & Bluetooth Module: 9560D2W],DELL GLOBAL BUSINESS CENTER SDN. BHD
SQASI/20/LBL/759993,CIDF15000022,REAB/27L/1218/S(18-4818),SerialNo,BPSX473,NOTEBOOK (HYBRID-ICT),,P29T [WLAN & Bluetooth Module: 9560D2W],DELL GLOBAL BUSINESS CENTER SDN. BHD
SQASI/20/LBL/759993,CIDF15000022,REAB/27L/1218/S(18-4818),SerialNo,FQKX573,NOTEBOOK (HYBRID-ICT),,P29T [WLAN & Bluetooth Module: 9560D2W],DELL GLOBAL BUSINESS CENTER SDN. BHD
SQASI/20/LBL/759993,CIDF15000022,REAB/27L/1218/S(18-4818),SerialNo,HTKX573,NOTEBOOK (HYBRID-ICT),,P29T [WLAN & Bluetooth Module: 9560D2W],DELL GLOBAL BUSINESS CENTER SDN. BHD
SQASI/20/LBL/759993,CIDF15000022,REAB/27L/1218/S(18-4818),SerialNo,GYKX573,NOTEBOOK (HYBRID-ICT),,P29T [WLAN & Bluetooth Module: 9560D2W],DELL GLOBAL BUSINESS CENTER SDN. BHD
SQASI/20/LBL/759993,CIDF15000022,REAB/27L/1218/S(18-4818),SerialNo,24DX573,NOTEBOOK (HYBRID-ICT),,P29T [WLAN & Bluetooth Module: 9560D2W],DELL GLOBAL BUSINESS CENTER SDN. BHD
SQASI/20/LBL/759993,CIDF15000022,REAB/27L/1218/S(18-4818),SerialNo,5RMT573,NOTEBOOK (HYBRID-ICT),,P29T [WLAN & Bluetooth Module: 9560D2W],DELL GLOBAL BUSINESS CENTER SDN. BHD
SQASI/20/LBL/759993,CIDF15000022,REAB/27L/1218/S(18-4818),SerialNo,JT4W473,NOTEBOOK (HYBRID-ICT),,P29T [WLAN & Bluetooth Module: 9560D2W],DELL GLOBAL BUSINESS CENTER SDN. BHD
SQASI/20/LBL/759993,CIDF15000022,REAB/27L/1218/S(18-4818),SerialNo,BQ2W573,NOTEBOOK (HYBRID-ICT),,P29T [WLAN & Bluetooth Module: 9560D2W],DELL GLOBAL BUSINESS CENTER SDN. BHD
SQASI/20/LBL/759993,CIDF15000022,REAB/27L/1218/S(18-4818),SerialNo,91XV573,NOTEBOOK (HYBRID-ICT),,P29T [WLAN & Bluetooth Module: 9560D2W],DELL GLOBAL BUSINESS CENTER SDN. BHD
SQASI/20/LBL/759993,CIDF15000022,REAB/27L/1218/S(18-4818),SerialNo,1JWZ473,NOTEBOOK (HYBRID-ICT),,P29T [WLAN & Bluetooth Module: 9560D2W],DELL GLOBAL BUSINESS CENTER SDN. BHD
SQASI/20/LBL/759993,CIDF15000022,REAB/27L/1218/S(18-4818),SerialNo,DPJY473,NOTEBOOK (HYBRID-ICT),,P29T [WLAN & Bluetooth Module: 9560D2W],DELL GLOBAL BUSINESS CENTER SDN. BHD
SQASI/20/LBL/759993,CIDF15000022,REAB/27L/1218/S(18-4818),SerialNo,1KGW573,NOTEBOOK (HYBRID-ICT),,P29T [WLAN & Bluetooth Module: 9560D2W],DELL GLOBAL BUSINESS CENTER SDN. BHD
SQASI/20/LBL/759993,CIDF15000022,REAB/27L/1218/S(18-4818),SerialNo,3N8W573,NOTEBOOK (HYBRID-ICT),,P29T [WLAN & Bluetooth Module: 9560D2W],DELL GLOBAL BUSINESS CENTER SDN. BHD
SQASI/20/LBL/759993,CIDF15000022,REAB/27L/1218/S(18-4818),SerialNo,7QGW573,NOTEBOOK (HYBRID-ICT),,P29T [WLAN & Bluetooth Module: 9560D2W],DELL GLOBAL BUSINESS CENTER SDN. BHD
SQASI/20/LBL/759993,CIDF15000022,REAB/27L/1218/S(18-4818),SerialNo,94ZV473,NOTEBOOK (HYBRID-ICT),,P29T [WLAN & Bluetooth Module: 9560D2W],DELL GLOBAL BUSINESS CENTER SDN. BHD
SQASI/20/LBL/759993,CIDF15000022,REAB/27L/1218/S(18-4818),SerialNo,6NJY473,NOTEBOOK (HYBRID-ICT),,P29T [WLAN & Bluetooth Module: 9560D2W],DELL GLOBAL BUSINESS CENTER SDN. BHD
SQASI/20/LBL/759993,CIDF15000022,REAB/27L/1218/S(18-4818),SerialNo,4LJY473,NOTEBOOK (HYBRID-ICT),,P29T [WLAN & Bluetooth Module: 9560D2W],DELL GLOBAL BUSINESS CENTER SDN. BHD
SQASI/20/LBL/759993,CIDF15000022,REAB/27L/1218/S(18-4818),SerialNo,BRKX573,NOTEBOOK (HYBRID-ICT),,P29T [WLAN & Bluetooth Module: 9560D2W],DELL GLOBAL BUSINESS CENTER SDN. BHD
SQASI/20/LBL/759993,CIDF15000022,REAB/27L/1218/S(18-4818),SerialNo,99SV473,NOTEBOOK (HYBRID-ICT),,P29T [WLAN & Bluetooth Module: 9560D2W],DELL GLOBAL BUSINESS CENTER SDN. BHD
SQASI/20/LBL/759993,CIDF15000022,REAB/27L/1218/S(18-4818),SerialNo,DZYV473,NOTEBOOK (HYBRID-ICT),,P29T [WLAN & Bluetooth Module: 9560D2W],DELL GLOBAL BUSINESS CENTER SDN. BHD
SQASI/20/LBL/759993,CIDF15000022,REAB/27L/1218/S(18-4818),SerialNo,7KBW473,NOTEBOOK (HYBRID-ICT),,P29T [WLAN & Bluetooth Module: 9560D2W],DELL GLOBAL BUSINESS CENTER SDN. BHD
SQASI/20/LBL/759993,CIDF15000022,REAB/27L/1218/S(18-4818),SerialNo,4R4W473,NOTEBOOK (HYBRID-ICT),,P29T [WLAN & Bluetooth Module: 9560D2W],DELL GLOBAL BUSINESS CENTER SDN. BHD
SQASI/20/LBL/759993,CIDF15000022,REAB/27L/1218/S(18-4818),SerialNo,C1NT573,NOTEBOOK (HYBRID-ICT),,P29T [WLAN & Bluetooth Module: 9560D2W],DELL GLOBAL BUSINESS CENTER SDN. BHD
SQASI/20/LBL/759993,CIDF15000022,REAB/27L/1218/S(18-4818),SerialNo,B6ZV473,NOTEBOOK (HYBRID-ICT),,P29T [WLAN & Bluetooth Module: 9560D2W],DELL GLOBAL BUSINESS CENTER SDN. BHD
SQASI/20/LBL/759993,CIDF15000022,REAB/27L/1218/S(18-4818),SerialNo,C5ZV473,NOTEBOOK (HYBRID-ICT),,P29T [WLAN & Bluetooth Module: 9560D2W],DELL GLOBAL BUSINESS CENTER SDN. BHD
SQASI/20/LBL/759993,CIDF15000022,REAB/27L/1218/S(18-4818),SerialNo,5DSV473,NOTEBOOK (HYBRID-ICT),,P29T [WLAN & Bluetooth Module: 9560D2W],DELL GLOBAL BUSINESS CENTER SDN. BHD
SQASI/20/LBL/759993,CIDF15000022,REAB/27L/1218/S(18-4818),SerialNo,1S1R573,NOTEBOOK (HYBRID-ICT),,P29T [WLAN & Bluetooth Module: 9560D2W],DELL GLOBAL BUSINESS CENTER SDN. BHD
SQASI/20/LBL/759993,CIDF15000022,REAB/27L/1218/S(18-4818),SerialNo,JWWW473,NOTEBOOK (HYBRID-ICT),,P29T [WLAN & Bluetooth Module: 9560D2W],DELL GLOBAL BUSINESS CENTER SDN. BHD
SQASI/20/LBL/759992,CIDF15000022,RCCQ/69F/0420/S(20-1660),SerialNo,125V563,NOTEBOOK (HYBRID-ICT),,"P130G [WLAN & Bluetooth Module: 9462NGW, AX201NGW, QCNFA344A, AX200NGW & QCNFA435]",DELL GLOBAL BUSINESS CENTER SDN. BHD
SQASI/20/LBL/759992,CIDF15000022,RCCQ/69F/0420/S(20-1660),SerialNo,H3FV563,NOTEBOOK (HYBRID-ICT),,"P130G [WLAN & Bluetooth Module: 9462NGW, AX201NGW, QCNFA344A, AX200NGW & QCNFA435]",DELL GLOBAL BUSINESS CENTER SDN. BHD
SQASI/20/LBL/759992,CIDF15000022,RCCQ/69F/0420/S(20-1660),SerialNo,G08V563,NOTEBOOK (HYBRID-ICT),,"P130G [WLAN & Bluetooth Module: 9462NGW, AX201NGW, QCNFA344A, AX200NGW & QCNFA435]",DELL GLOBAL BUSINESS CENTER SDN. BHD
SQASI/20/LBL/759992,CIDF15000022,RCCQ/69F/0420/S(20-1660),SerialNo,F08V563,NOTEBOOK (HYBRID-ICT),,"P130G [WLAN & Bluetooth Module: 9462NGW, AX201NGW, QCNFA344A, AX200NGW & QCNFA435]",DELL GLOBAL BUSINESS CENTER SDN. BHD
SQASI/20/LBL/759992,CIDF15000022,RCCQ/69F/0420/S(20-1660),SerialNo,DHDV563,NOTEBOOK (HYBRID-ICT),,"P130G [WLAN & Bluetooth Module: 9462NGW, AX201NGW, QCNFA344A, AX200NGW & QCNFA435]",DELL GLOBAL BUSINESS CENTER SDN. BHD
SQASI/20/LBL/759992,CIDF15000022,RCCQ/69F/0420/S(20-1660),SerialNo,118V563,NOTEBOOK (HYBRID-ICT),,"P130G [WLAN & Bluetooth Module: 9462NGW, AX201NGW, QCNFA344A, AX200NGW & QCNFA435]",DELL GLOBAL BUSINESS CENTER SDN. BHD
SQASI/20/LBL/759992,CIDF15000022,RCCQ/69F/0420/S(20-1660),SerialNo,8HDV563,NOTEBOOK (HYBRID-ICT),,"P130G [WLAN & Bluetooth Module: 9462NGW, AX201NGW, QCNFA344A, AX200NGW & QCNFA435]",DELL GLOBAL BUSINESS CENTER SDN. BHD
SQASI/20/LBL/759992,CIDF15000022,RCCQ/69F/0420/S(20-1660),SerialNo,DN9V563,NOTEBOOK (HYBRID-ICT),,"P130G [WLAN & Bluetooth Module: 9462NGW, AX201NGW, QCNFA344A, AX200NGW & QCNFA435]",DELL GLOBAL BUSINESS CENTER SDN. BHD
SQASI/20/LBL/759992,CIDF15000022,RCCQ/69F/0420/S(20-1660),SerialNo,BHDV563,NOTEBOOK (HYBRID-ICT),,"P130G [WLAN & Bluetooth Module: 9462NGW, AX201NGW, QCNFA344A, AX200NGW & QCNFA435]",DELL GLOBAL BUSINESS CENTER SDN. BHD
SQASI/20/LBL/759992,CIDF15000022,RCCQ/69F/0420/S(20-1660),SerialNo,CHDV563,NOTEBOOK (HYBRID-ICT),,"P130G [WLAN & Bluetooth Module: 9462NGW, AX201NGW, QCNFA344A, AX200NGW & QCNFA435]",DELL GLOBAL BUSINESS CENTER SDN. BHD
SQASI/20/LBL/759992,CIDF15000022,RCCQ/69F/0420/S(20-1660),SerialNo,H08V563,NOTEBOOK (HYBRID-ICT),,"P130G [WLAN & Bluetooth Module: 9462NGW, AX201NGW, QCNFA344A, AX200NGW & QCNFA435]",DELL GLOBAL BUSINESS CENTER SDN. BHD
SQASI/20/LBL/759992,CIDF15000022,RCCQ/69F/0420/S(20-1660),SerialNo,J08V563,NOTEBOOK (HYBRID-ICT),,"P130G [WLAN & Bluetooth Module: 9462NGW, AX201NGW, QCNFA344A, AX200NGW & QCNFA435]",DELL GLOBAL BUSINESS CENTER SDN. BHD
SQASI/20/LBL/759992,CIDF15000022,RCCQ/69F/0420/S(20-1660),SerialNo,9HDV563,NOTEBOOK (HYBRID-ICT),,"P130G [WLAN & Bluetooth Module: 9462NGW, AX201NGW, QCNFA344A, AX200NGW & QCNFA435]",DELL GLOBAL BUSINESS CENTER SDN. BHD
SQASI/20/LBL/759992,CIDF15000022,RCCQ/69F/0420/S(20-1660),SerialNo,9MFW563,NOTEBOOK (HYBRID-ICT),,"P130G [WLAN & Bluetooth Module: 9462NGW, AX201NGW, QCNFA344A, AX200NGW & QCNFA435]",DELL GLOBAL BUSINESS CENTER SDN. BHD
SQASI/20/LBL/759992,CIDF15000022,RCCQ/69F/0420/S(20-1660),SerialNo,BMFW563,NOTEBOOK (HYBRID-ICT),,"P130G [WLAN & Bluetooth Module: 9462NGW, AX201NGW, QCNFA344A, AX200NGW & QCNFA435]",DELL GLOBAL BUSINESS CENTER SDN. BHD
SQASI/20/LBL/759992,CIDF15000022,RCCQ/69F/0420/S(20-1660),SerialNo,2X5V563,NOTEBOOK (HYBRID-ICT),,"P130G [WLAN & Bluetooth Module: 9462NGW, AX201NGW, QCNFA344A, AX200NGW & QCNFA435]",DELL GLOBAL BUSINESS CENTER SDN. BHD
SQASI/20/LBL/759992,CIDF15000022,RCCQ/69F/0420/S(20-1660),SerialNo,2LGW563,NOTEBOOK (HYBRID-ICT),,"P130G [WLAN & Bluetooth Module: 9462NGW, AX201NGW, QCNFA344A, AX200NGW & QCNFA435]",DELL GLOBAL BUSINESS CENTER SDN. BHD
SQASI/20/LBL/759992,CIDF15000022,RCCQ/69F/0420/S(20-1660),SerialNo,8LGW563,NOTEBOOK (HYBRID-ICT),,"P130G [WLAN & Bluetooth Module: 9462NGW, AX201NGW, QCNFA344A, AX200NGW & QCNFA435]",DELL GLOBAL BUSINESS CENTER SDN. BHD
SQASI/20/LBL/759992,CIDF15000022,RCCQ/69F/0420/S(20-1660),SerialNo,9LGW563,NOTEBOOK (HYBRID-ICT),,"P130G [WLAN & Bluetooth Module: 9462NGW, AX201NGW, QCNFA344A, AX200NGW & QCNFA435]",DELL GLOBAL BUSINESS CENTER SDN. BHD
SQASI/20/LBL/759992,CIDF15000022,RCCQ/69F/0420/S(20-1660),SerialNo,FR0Y563,NOTEBOOK (HYBRID-ICT),,"P130G [WLAN & Bluetooth Module: 9462NGW, AX201NGW, QCNFA344A, AX200NGW & QCNFA435]",DELL GLOBAL BUSINESS CENTER SDN. BHD
SQASI/20/LBL/759992,CIDF15000022,RCCQ/69F/0420/S(20-1660),SerialNo,DR0Y563,NOTEBOOK (HYBRID-ICT),,"P130G [WLAN & Bluetooth Module: 9462NGW, AX201NGW, QCNFA344A, AX200NGW & QCNFA435]",DELL GLOBAL BUSINESS CENTER SDN. BHD
SQASI/20/LBL/759992,CIDF15000022,RCCQ/69F/0420/S(20-1660),SerialNo,GZ3Y563,NOTEBOOK (HYBRID-ICT),,"P130G [WLAN & Bluetooth Module: 9462NGW, AX201NGW, QCNFA344A, AX200NGW & QCNFA435]",DELL GLOBAL BUSINESS CENTER SDN. BHD
SQASI/20/LBL/759992,CIDF15000022,RCCQ/69F/0420/S(20-1660),SerialNo,2K1Y563,NOTEBOOK (HYBRID-ICT),,"P130G [WLAN & Bluetooth Module: 9462NGW, AX201NGW, QCNFA344A, AX200NGW & QCNFA435]",DELL GLOBAL BUSINESS CENTER SDN. BHD
SQASI/20/LBL/759992,CIDF15000022,RCCQ/69F/0420/S(20-1660),SerialNo,46CY563,NOTEBOOK (HYBRID-ICT),,"P130G [WLAN & Bluetooth Module: 9462NGW, AX201NGW, QCNFA344A, AX200NGW & QCNFA435]",DELL GLOBAL BUSINESS CENTER SDN. BHD
SQASI/20/LBL/759992,CIDF15000022,RCCQ/69F/0420/S(20-1660),SerialNo,49CY563,NOTEBOOK (HYBRID-ICT),,"P130G [WLAN & Bluetooth Module: 9462NGW, AX201NGW, QCNFA344A, AX200NGW & QCNFA435]",DELL GLOBAL BUSINESS CENTER SDN. BHD
SQASI/20/LBL/759992,CIDF15000022,RCCQ/69F/0420/S(20-1660),SerialNo,8R0Y563,NOTEBOOK (HYBRID-ICT),,"P130G [WLAN & Bluetooth Module: 9462NGW, AX201NGW, QCNFA344A, AX200NGW & QCNFA435]",DELL GLOBAL BUSINESS CENTER SDN. BHD
SQASI/20/LBL/759992,CIDF15000022,RCCQ/69F/0420/S(20-1660),SerialNo,JX3Y563,NOTEBOOK (HYBRID-ICT),,"P130G [WLAN & Bluetooth Module: 9462NGW, AX201NGW, QCNFA344A, AX200NGW & QCNFA435]",DELL GLOBAL BUSINESS CENTER SDN. BHD
SQASI/20/LBL/759992,CIDF15000022,RCCQ/69F/0420/S(20-1660),SerialNo,HR0Y563,NOTEBOOK (HYBRID-ICT),,"P130G [WLAN & Bluetooth Module: 9462NGW, AX201NGW, QCNFA344A, AX200NGW & QCNFA435]",DELL GLOBAL BUSINESS CENTER SDN. BHD
SQASI/20/LBL/759992,CIDF15000022,RCCQ/69F/0420/S(20-1660),SerialNo,BR0Y563,NOTEBOOK (HYBRID-ICT),,"P130G [WLAN & Bluetooth Module: 9462NGW, AX201NGW, QCNFA344A, AX200NGW & QCNFA435]",DELL GLOBAL BUSINESS CENTER SDN. BHD
SQASI/20/LBL/759992,CIDF15000022,RCCQ/69F/0420/S(20-1660),SerialNo,BS9Y563,NOTEBOOK (HYBRID-ICT),,"P130G [WLAN & Bluetooth Module: 9462NGW, AX201NGW, QCNFA344A, AX200NGW & QCNFA435]",DELL GLOBAL BUSINESS CENTER SDN. BHD
SQASI/20/LBL/759992,CIDF15000022,RCCQ/69F/0420/S(20-1660),SerialNo,CR0Y563,NOTEBOOK (HYBRID-ICT),,"P130G [WLAN & Bluetooth Module: 9462NGW, AX201NGW, QCNFA344A, AX200NGW & QCNFA435]",DELL GLOBAL BUSINESS CENTER SDN. BHD
SQASI/20/LBL/759992,CIDF15000022,RCCQ/69F/0420/S(20-1660),SerialNo,3QBY563,NOTEBOOK (HYBRID-ICT),,"P130G [WLAN & Bluetooth Module: 9462NGW, AX201NGW, QCNFA344A, AX200NGW & QCNFA435]",DELL GLOBAL BUSINESS CENTER SDN. BHD
SQASI/20/LBL/759992,CIDF15000022,RCCQ/69F/0420/S(20-1660),SerialNo,9R0Y563,NOTEBOOK (HYBRID-ICT),,"P130G [WLAN & Bluetooth Module: 9462NGW, AX201NGW, QCNFA344A, AX200NGW & QCNFA435]",DELL GLOBAL BUSINESS CENTER SDN. BHD
SQASI/20/LBL/759992,CIDF15000022,RCCQ/69F/0420/S(20-1660),SerialNo,JB2Y563,NOTEBOOK (HYBRID-ICT),,"P130G [WLAN & Bluetooth Module: 9462NGW, AX201NGW, QCNFA344A, AX200NGW & QCNFA435]",DELL GLOBAL BUSINESS CENTER SDN. BHD
SQASI/20/LBL/759992,CIDF15000022,RCCQ/69F/0420/S(20-1660),SerialNo,GR0Y563,NOTEBOOK (HYBRID-ICT),,"P130G [WLAN & Bluetooth Module: 9462NGW, AX201NGW, QCNFA344A, AX200NGW & QCNFA435]",DELL GLOBAL BUSINESS CENTER SDN. BHD
SQASI/20/LBL/759992,CIDF15000022,RCCQ/69F/0420/S(20-1660),SerialNo,3HD1663,NOTEBOOK (HYBRID-ICT),,"P130G [WLAN & Bluetooth Module: 9462NGW, AX201NGW, QCNFA344A, AX200NGW & QCNFA435]",DELL GLOBAL BUSINESS CENTER SDN. BHD
SQASI/20/LBL/759992,CIDF15000022,RCCQ/69F/0420/S(20-1660),SerialNo,HSD1663,NOTEBOOK (HYBRID-ICT),,"P130G [WLAN & Bluetooth Module: 9462NGW, AX201NGW, QCNFA344A, AX200NGW & QCNFA435]",DELL GLOBAL BUSINESS CENTER SDN. BHD
SQASI/20/LBL/759992,CIDF15000022,RCCQ/69F/0420/S(20-1660),SerialNo,BRM1663,NOTEBOOK (HYBRID-ICT),,"P130G [WLAN & Bluetooth Module: 9462NGW, AX201NGW, QCNFA344A, AX200NGW & QCNFA435]",DELL GLOBAL BUSINESS CENTER SDN. BHD
